NAME_norm,HexCr_avg_conc,XCOORDS,YCOORDS,NAME,Final_Assignment
299-W10-1,4.06,566663.096,136734.565,299-W10-1,UU/MU
299-W10-200,15.7,566570.23,136463.41,299-W10-200,UU/MU
299-W10-204,2.5,566256.17,136901.49,299-W10-204,UU/MU
299-W10-204,2.5,566256.17,136901.49,299-W10-204,UU/MU
299-W10-204,2.5,566256.17,136901.49,299-W10-204,UU/MU
299-W10-205,2.5,566785.69,137184.87,299-W10-205,UU/MU
299-W10-205,2.5,566785.69,137184.87,299-W10-205,UU/MU
299-W10-205,2.5,566785.69,137184.87,299-W10-205,UU/MU
299-W10-24,6.87,566885.426,136798.78,299-W10-24,UU/MU
299-W10-26,14.81,566843.396,136400.594,299-W10-26,UU/MU
299-W10-27,26.13,566843.969,136441.778,299-W10-27,UU/MU
299-W10-28,95.85,566701.55,136709.93,299-W10-28,UU/MU
299-W10-33,2.5,566772.75,136610.19,299-W10-33,UU/MU
299-W11-18,21.9,567181.916,137161.484,299-W11-18,UU/MU
299-W11-33Q,18.5,567184.869,136844.366,299-W11-33Q,UU/MU
299-W11-39,9.77,566908.383,136779.917,299-W11-39,UU/MU
299-W11-40,29.12,566926.838,136709.666,299-W11-40,UU/MU
299-W11-41,73.38,566935.51,136677.781,299-W11-41,UU/MU
299-W11-42,36.46,566920.435,136745.665,299-W11-42,UU/MU
299-W11-43,34.6,567269.74,136971.04,299-W11-43,LU/CR
299-W11-46,6.02,566914.86,136773.27,299-W11-46,UU/MU
299-W11-47,85.8,566933.82,136680.7,299-W11-47,UU/MU
299-W11-48,3.46,566881.97,136846.18,299-W11-48,LU/CR
299-W11-87,37.6,568141.08,136608.7,299-W11-87,LU/CR
299-W11-88,86.4,567874.67,137113.09,299-W11-88,LU/CR
299-W11-98,106.0,567596.33,136479.36,299-W11-98,LU/CR
299-W11-98,106.0,567596.33,136479.36,299-W11-98,LU/CR
299-W13-2P,3.41,568832.59,135819.18,299-W13-2P,UU/MU
299-W13-2Q,2.5,568832.59,135819.18,299-W13-2Q,UU/MU
299-W14-11,24.42,566901.69,136287.62,299-W14-11,UU/MU
299-W14-14,9.25,566898.386,136181.048,299-W14-14,UU/MU
299-W14-15,6.1,566899.685,136230.654,299-W14-15,UU/MU
299-W14-16,49.8,567001.334,136318.482,299-W14-16,UU/MU
299-W14-18,16.37,566897.47,136344.15,299-W14-18,UU/MU
299-W14-19,5.76,566898.6,136135.06,299-W14-19,UU/MU
299-W14-24,2.5,567161.35,135839.99,299-W14-24,UU/MU
299-W14-24,2.5,567161.35,135839.99,299-W14-24,LU/CR
299-W15-231,8.2,566484.84,136212.92,299-W15-231,UU/MU
299-W15-232,17.8,566090.046,135729.045,299-W15-232,UU/MU
299-W15-232,17.8,566090.046,135729.045,299-W15-232,UU/MU
299-W15-232,17.8,566090.046,135729.045,299-W15-232,UU/MU
299-W15-44,4.82,566685.02,136066.47,299-W15-44,UU/MU
299-W15-765,12.63,566697.02,136373.06,299-W15-765,UU/MU
299-W18-260,12.64,566862.54,135196.89,299-W18-260,UU/MU
299-W18-261,14.0,566625.427,135064.168,299-W18-261,UU/MU
299-W18-40,7.96,566723.29,134996.41,299-W18-40,UU/MU
299-W18-45,20.6,566213.05,134976.94,299-W18-45,UU/MU
299-W18-45,20.6,566213.05,134976.94,299-W18-45,UU/MU
299-W18-45,20.6,566213.05,134976.94,299-W18-45,UU/MU
299-W18-45,20.6,566213.05,134976.94,299-W18-45,UU/MU
299-W18-46,15.5,566333.51,135008.82,299-W18-46,UU/MU
299-W18-46,15.5,566333.51,135008.82,299-W18-46,UU/MU
299-W18-46,15.5,566333.51,135008.82,299-W18-46,UU/MU
299-W18-47,22.6,566103.44,134978.72,299-W18-47,UU/MU
299-W18-47,22.6,566103.44,134978.72,299-W18-47,UU/MU
299-W18-47,22.6,566103.44,134978.72,299-W18-47,UU/MU
299-W19-41,4.99,566896.532,135004.51,299-W19-41,UU/MU
299-W19-42,9.53,566896.812,135122.901,299-W19-42,UU/MU
299-W19-44,9.15,566896.95,135041.97,299-W19-44,UU/MU
299-W19-45,16.34,566897.65,135087.65,299-W19-45,UU/MU
299-W19-47,12.55,566895.31,135161.86,299-W19-47,UU/MU
299-W19-6,2.5,567133.33,134693.76,299-W19-6,UU/MU
299-W22-113,2.79,566904.52,134192.75,299-W22-113,UU/MU
299-W22-114,7.8,567726.31,134048.07,299-W22-114,UU/MU
299-W22-115,3.26,566939.39,134292.43,299-W22-115,UU/MU
299-W22-116,134.25,566900.5,134139.92,299-W22-116,UU/MU
299-W22-123,10.06,567593.02,133914.0,299-W22-123,UU/MU
299-W22-123,10.06,567593.02,133914.0,299-W22-123,UU/MU
299-W22-125,2.58,567028.506,134253.724,299-W22-125,UU/MU
299-W22-125,2.58,567028.506,134253.724,299-W22-125,UU/MU
299-W22-125,2.58,567028.506,134253.724,299-W22-125,UU/MU
299-W22-47,2.5,566908.74,134076.28,299-W22-47,UU/MU
299-W22-69,2.5,567179.6,134347.83,299-W22-69,UU/MU
299-W22-72,27.5,567237.37,134207.08,299-W22-72,UU/MU
299-W22-80,4.53,566842.851,134125.649,299-W22-80,UU/MU
299-W22-81,5.41,567000.263,134354.189,299-W22-81,UU/MU
299-W22-82,2.7,567004.731,134167.07,299-W22-82,UU/MU
299-W22-83,9.29,567009.082,134092.546,299-W22-83,UU/MU
299-W22-84,5.53,566978.76,134547.62,299-W22-84,UU/MU
299-W22-84,5.53,566978.76,134547.62,299-W22-84,UU/MU
299-W22-85,3.19,566902.9,134260.58,299-W22-85,UU/MU
299-W22-86,4.41,567186.74,134041.31,299-W22-86,UU/MU
299-W22-87,4.82,567541.75,134539.88,299-W22-87,UU/MU
299-W22-89,2.5,566906.77,134031.67,299-W22-89,UU/MU
299-W22-93,166.13,566949.07,134485.98,299-W22-93,UU/MU
299-W22-93,166.13,566949.07,134485.98,299-W22-93,UU/MU
299-W22-94,3.82,567009.82,134429.75,299-W22-94,UU/MU
299-W22-95,29.8,567170.54,134549.11,299-W22-95,UU/MU
299-W22-96,34.8,567351.93,134145.58,299-W22-96,UU/MU
299-W23-19,612.0,566759.115,134166.653,299-W23-19,UU/MU
299-W23-20,4.08,566717.669,134446.189,299-W23-20,UU/MU
299-W23-21,3.36,566707.737,134293.994,299-W23-21,UU/MU
299-W23-236,3.15,566798.66,134128.15,299-W23-236,UU/MU
299-W26-13,107.98,566424.387,133293.598,299-W26-13,UU/MU
299-W26-14,2.64,566682.69,133539.21,299-W26-14,UU/MU
299-W26-15,2.98,566575.83,133391.21,299-W26-15,UU/MU
299-W26-15,2.98,566575.83,133391.21,299-W26-15,UU/MU
299-W26-15,2.98,566575.83,133391.21,299-W26-15,UU/MU
299-W26-16,6.05,566324.31,133233.15,299-W26-16,UU/MU
299-W27-2,3.21,566908.267,133670.351,299-W27-2,LU/CR
299-W27-3,2.64,566923.55,133756.88,299-W27-3,UU/MU
299-W5-2Q,113.0,568175.4,137621.12,299-W5-2Q,LU/CR
299-W6-17,44.3,567767.41,137473.37,299-W6-17,LU/CR
299-W7-15,5.52,566772.11,137635.28,299-W7-15,UU/MU
299-W7-15,5.52,566772.11,137635.28,299-W7-15,UU/MU
299-W7-16,4.08,566085.14,137265.57,299-W7-16,UU/MU
299-W7-16,4.08,566085.14,137265.57,299-W7-16,UU/MU
699-25-70,22.4,568544.855,131171.718,699-25-70,UU/MU
699-27-68,58.7,569324.76,131676.43,699-27-68,UU/MU
699-29-66,106.0,570053.53,132336.94,699-29-66,UU/MU
699-30-63,125.0,570716.9,132674.86,699-30-63,UU/MU
699-30-66,88.9,569990.98,132739.19,699-30-66,LU/CR
699-30-70,25.7,568428.93,132581.66,699-30-70,UU/MU
699-30-73,27.6,567781.9,132789.76,699-30-73,UU/MU
699-31-68,33.69,569598.0,133080.6,699-31-68,UU/MU
699-32-59,119.0,571800.08,133400.32,699-32-59,UU/MU
699-32-62,108.0,571009.564,133215.925,699-32-62,UU/MU
699-32-64,21.1,570451.01,133304.04,699-32-64,UU/MU
699-32-70B,20.4,568461.999,133242.245,699-32-70B,UU/MU
699-32-76,14.2,566683.94,133137.73,699-32-76,UU/MU
699-32-77B,128.0,566402.07,133172.13,699-32-77B,UU/MU
699-32-77B,128.0,566402.07,133172.13,699-32-77B,UU/MU
699-33-75,2.51,566907.78,133662.48,699-33-75,UU/MU
699-33-76,2.5,566621.21,133600.43,699-33-76,UU/MU
699-34-61,27.2,571395.863,133809.862,699-34-61,UU/MU
699-34-72,10.7,567859.97,133785.33,699-34-72,UU/MU
699-35-66A,15.5,569857.861,134099.244,699-35-66A,UU/MU
699-36-61A,2.5,571395.472,134557.106,699-36-61A,UU/MU
699-36-63B,11.7,570683.53,134228.69,699-36-63B,UU/MU
699-43-69,5.35,568967.03,136488.48,699-43-69,UU/MU
699-44-70B,17.3,568670.06,136810.37,699-44-70B,LU/CR
699-45-67C,17.2,569431.19,137131.75,699-45-67C,LU/CR
699-45-67C,17.2,569431.19,137131.75,699-45-67C,LU/CR
699-46-61,7.87,571431.17,137442.38,699-46-61,UU/MU
699-46-61,7.87,571431.17,137442.38,699-46-61,UU/MU
699-46-70,16.5,568697.17,137656.02,699-46-70,LU/CR
699-46-70,16.5,568697.17,137656.02,699-46-70,LU/CR
699-47-60,5.68,571474.38,137968.732,699-47-60,UU/MU
699-47-60,5.68,571474.38,137968.732,699-47-60,UU/MU
699-48-71,63.5,568387.914,138056.941,699-48-71,UU/MU
