,row_left,column,delx,dely,area,node,newnode,noflow,pinched,Unnamed: 0,row_right,col,x,y,row_col_id,s_mw_uumu,dist_m_mw_uumu,mw_near_mw_uumu,s_ext_uumu,dist_m_ew_uumu,ew_near_ew_uumu,s_mw_lucr,dist_m_mw_lucr,mw_near_mw_lucr,s_ext_lucr,dist_m_ew_lucr,ew_near_ew_lucr,s_cr_cs,neardist_m_cr_cs,cl_dist_m_cr_cs,combdist_m_cr_cs,plycnt_cr_cs,raw_s_cr_cs,s_tec_cs,neardist_m_tec_cs,cl_dist_m_tec_cs,combdist_m_tec_cs,plycnt_tec_cs,raw_s_tec_cs,s_ctet_cs,neardist_m_ctet_cs,cl_dist_m_ctet_cs,combdist_m_ctet_cs,plycnt_ctet_cs,raw_s_ctet_cs,NORTHING_left,EASTING_left,FID_left,ctet_uu_mu_mik_cv_score,ctet_uu_mu_mik_cov_score,ctet_uu_mu_mik_cv,ctet_uu_mu_mik_cov,ctet_lu_cr_mik_cv_score,ctet_lu_cr_mik_cov_score,ctet_lu_cr_mik_cv,ctet_lu_cr_mik_cov,hexcr_uu_mu_mik_cv_score,hexcr_uu_mu_mik_cov_score,hexcr_uu_mu_mik_cv,hexcr_uu_mu_mik_cov,hexcr_lu_cr_mik_cv_score,hexcr_lu_cr_mik_cov_score,hexcr_lu_cr_mik_cv,hexcr_lu_cr_mik_cov,tc99_uu_mu_mik_cv_score,tc99_uu_mu_mik_cov_score,tc99_uu_mu_mik_cv,tc99_uu_mu_mik_cov,hexcr_uumu_max_conc_2015_2022,hexcr_lucr_max_conc_2015_2022,hexcr_uumu_max_conc_2022_2027,hexcr_lucr_max_conc_2022_2027,hexcr_uumu_max_conc_2027_2032,hexcr_lucr_max_conc_2027_2032,hexcr_uumu_max_conc_2032_2037,hexcr_lucr_max_conc_2032_2037,hexcr_uumu_clean_level_exceedance_score,hexcr_lucr_clean_level_exceedance_score,tc99_uumu_max_conc_2015_2022,tc99_lucr_max_conc_2015_2022,tc99_uumu_max_conc_2022_2027,tc99_lucr_max_conc_2022_2027,tc99_uumu_max_conc_2027_2032,tc99_lucr_max_conc_2027_2032,tc99_uumu_max_conc_2032_2037,tc99_lucr_max_conc_2032_2037,tc99_uumu_clean_level_exceedance_score,tc99_lucr_clean_level_exceedance_score,ctet_uumu_max_conc_2015_2022,ctet_lucr_max_conc_2015_2022,ctet_uumu_max_conc_2022_2027,ctet_lucr_max_conc_2022_2027,ctet_uumu_max_conc_2027_2032,ctet_lucr_max_conc_2027_2032,ctet_uumu_max_conc_2032_2037,ctet_lucr_max_conc_2032_2037,ctet_uumu_clean_level_exceedance_score,ctet_lucr_clean_level_exceedance_score,tc99_lu_cr_mik_cv_score,tc99_lu_cr_mik_cov_score,tc99_lu_cr_mik_cv,tc99_lu_cr_mik_cov,ctet_uumu_tdg_s,ctet_lucr_tdg_s,hcr_uumu_tdg_s,hcr_lucr_tdg_s,tec_uumu_tdg_s,tec_lucr_tdg_s,uumu_s_tot_cs,uumu_s_tot_mik,uumu_s_tot_cov,uumu_s_tot_excee,lucr_s_tot_cs,lucr_s_tot_mik,lucr_s_tot_cov,lucr_s_tot_excee,uumu_s_grandtotal,lucr_s_grandtotal,hcr_uumu_persis_s,hcr_lucr_persis_s,tec_uumu_persis_s,tec_lucr_persis_s,ctet_uumu_persis_s,ctet_lucr_persis_s,uumu_s_grandtotal_percentile,lucr_s_grandtotal_percentile,index_right,FID_right,NAME,EASTING_right,NORTHING_right,GWIA,HSU,TYPE_scripts,OU,INCLUDED
12659,47,56,100.0,100.0,10000.0,1,1,0,0,680,47,56,566450.0,138150.0,10470056,0,34.97540604479793,699-48-77D,0,1485.9296088644242,299-W11-50,2,535.2029819068739,299-W7-3,0,1709.2970606260988,699-40-70A,0,0.0,0.0,0.0,0.0,0.0,0,0.0,0.0,0.0,0.0,0.0,0,0,0,0,0,0,138150.0,566450.0,680,0,1,809.8765351,2.250797408,0,4,13169.70851,3.011678671,1,2,795.8240502,0.82975606,4,3,1108.239775,0.771184911,4,4,1881555.098,3.997336521,0.049380546,0.001743089,2.154935456,0.195731965,8.575210251,4.289451345,8.524733466,6.272708719,0.0,0.0,0.734513736,0.025077538,17.16444136,2.251713704,29.44693548,16.18883762,13.57460795,16.28715292,0.0,0,4.88128854,2.18309376,8.001801318,4.261776463,8.040881193,5.788905888,0.725414099,4.72089517,2.25,1.5,0,0.0,2692.0366835420505,0.5383651467335233,3.25,7.5,3.0,9.0,8.0,2.0,0,5,7,2.25,0,4,7.0,1.5,14.25,14.5,0.0,0.0,0.0,0,2.25,1.5,56.585365853658544,33.55534709193246,2,2,699-48-77D,566433.0,138119.0,200-ZP,UU/MU,MONITORING,ZP-1,True
13207,49,56,100.0,100.0,10000.0,1,1,0,0,844,49,56,566450.0,137950.0,10490056,0,138.10781193329677,699-48-77C,0,1300.2472082261845,299-W11-50,1,349.13984568079724,299-W7-3,0,1631.6932436781792,699-40-70A,0,0.0,0.0,0.0,0.0,0.0,0,0.0,0.0,0.0,0.0,0.0,0,0,0,0,0,0,137950.0,566450.0,844,0,3,1176.451727,2.731013508,0,4,9387.854114,3.511496382,0,1,572.3000052,0.778530662,4,3,1108.239775,0.771184911,3,4,1185839.356,4.637107561,0.633432727,0.020378061,7.348896752,0.705929138,11.17906351,4.74851764,8.990284687,5.544484934,0.0,0.0,11.24752447,0.323612855,48.61823085,8.236974111,49.09693665,19.31591498,13.65619502,17.39952474,0.0,0,18.45584522,2.652367332,19.08438954,6.040198741,13.28385204,6.291519451,0.48053289,3.846940562,2.25,1.5,0,0.0,1608.289160215396,0.4554070402877986,5.25,6.5,1.0,8.0,7.0,1.0,0,3,8,2.25,0,4,7.0,1.5,13.25,13.5,0.0,0.0,0.0,0,2.25,1.5,49.13696060037524,25.82551594746717,1,1,699-48-77A,566413.0,137969.0,200-ZP,UU/MU,UNKNOWN,ZP-1,True
14034,52,61,100.0,100.0,10000.0,1,1,0,0,1095,52,61,566950.0,137650.0,10520061,0,37.5254638479074,299-W6-12,0,893.5081434995294,299-W11-50,1,368.9124909785424,299-W6-6,0,1066.1423176410408,699-40-70A,0,0.0,0.0,0.0,0.0,0.0,0,0.0,0.0,0.0,0.0,0.0,0,0,0,0,0,0,137650.0,566950.0,1095,0,0,1498.303533,1.414038331,0,4,231.4953476,2.744143843,0,0,311.5857963,0.609030765,0,4,823.0660408,0.778862498,0,3,91240.81886,3.717965883,0.573864488,0.058261783,6.283729176,0.216113445,10.40615552,1.673309473,10.49873403,3.105585516,0.0,0.0,10.9851705,0.294477489,29.3893985,1.157462572,36.77661368,6.123815781,32.78197772,12.42226607,0.0,0,24.6154005,14.46219791,26.11531243,10.81973708,22.04335352,12.1474536,9.882432165,12.21702071,2.5,2.5,0,0.0,2474.681022101927,0.4803506098740572,2.5,7.5,0.0,5.0,3.0,1.0,0,0,3,2.5,0,0,8.0,2.5,5.5,11.5,0.0,0.0,0.0,0,2.5,2.5,6.5572232645403385,14.596622889305818,4,4,299-W6-12,566916.0,137635.0,200-ZP,UU/MU,MONITORING,ZP-1,True
14036,52,63,100.0,100.0,10000.0,1,1,0,0,1097,52,63,567150.0,137650.0,10520063,0,19.670558736301093,299-W6-11,0,853.2512784636923,299-W6-15,0,169.11660474358166,299-W6-6,0,872.8792822979641,699-40-70A,0,0.0,0.0,0.0,0.0,0.0,0,0.0,0.0,0.0,0.0,0.0,0,0,0,0,0,0,137650.0,567150.0,1097,2,0,2582.114863,1.830124285,0,3,330.822619,2.481776206,0,1,523.823775,0.683139599,0,0,146.6982554,0.465066117,0,2,126239.2133,3.480139556,17.42477866,9.322555027,4.538103515,1.276489798,7.765572952,0.919485536,9.068602841,2.784177361,0.0,0.0,4.361710216,0.133998416,12.1799209,0.421644224,31.98698425,4.020610401,32.68021235,13.1165767,0.0,0,25.1547482,37.37350667,20.80759511,18.5564738,20.00828503,12.39735659,10.06145228,11.61831618,2.5,2.5,0,0.0,2955.095529811478,0.4118883828765053,4.5,5.5,1.0,0.0,2.0,0.0,0,2,3,2.5,0,0,3.0,2.5,7.5,5.5,0.0,0.0,0.0,0,2.5,2.5,12.598499061913698,3.386491557223265,3,3,299-W6-11,567163.0,137635.0,200-ZP,UU/MU,MONITORING,ZP-1,True
14046,52,73,100.0,100.0,10000.0,1,1,0,0,1107,52,73,568150.0,137650.0,10520073,0,38.46055641825079,299-W5-2P,0,374.7075352858528,299-W5-1,0,38.46055641825079,299-W5-2Q,1,297.005456961658,699-40-70A,0,0.0,0.0,0.0,0.0,0.0,0,0.0,0.0,0.0,0.0,0.0,0,0,0,0,0,0,137650.0,568150.0,1107,4,0,7743.970724,1.325355365,4,0,28119.9084,0.585336847,1,0,712.8736583,0.523960274,0,0,822.4590327,0.278968952,0,1,250392.0158,2.932097874,129.2215518,109.850219,79.64160439,14.2170934,61.27520493,2.412934354,40.20453179,0.20475735,2.25,1.0,403.9574682,1.108528847,61.01105678,1.098896896,10.94474932,0.312125158,1.477472038,0.370779029,0.0,0,960.4610663,550.4749867,842.3547783,358.2886969,464.0625032,89.12660111,218.007756,5.325470178,2.5,2.5,0,0.0,4331.316717673322,0.2742222903199075,6.5,7.5,3.25,2.0,1.0,1.0,0,5,1,4.75,0,4,0.0,3.5,10.75,8.5,2.25,1.0,0.0,0,2.5,2.5,30.0656660412758,7.5046904315197,14,14,299-W5-2P,568175.4,137621.12,200-ZP,UU/MU,MONITORING,ZP-1,True
14590,54,69,100.0,100.0,10000.0,1,1,0,0,1267,54,69,567750.0,137450.0,10540069,2,458.52722318311504,299-W5-2P,0,374.9316527048548,299-W6-15,0,29.14215160211952,299-W6-17,1,241.7044506520352,699-40-70A,0,0.0,0.0,0.0,0.0,0.0,0,0.0,0.0,0.0,0.0,0.0,0,0,0,0,0,0,137450.0,567750.0,1267,4,0,10198.15923,1.883790895,4,0,22442.49518,1.035586947,1,0,793.0757638,0.639638242,0,0,271.86711,0.576173168,0,1,261775.2035,2.911248064,286.6239913,8.239664093,61.2077271,6.556389076,23.05017778,6.525615797,11.01466997,2.619341448,1.75,0.0,35.83096513,21.47187429,37.81384571,24.15382652,30.18062892,21.34814171,12.53623632,6.139650009,0.0,0,1230.080416,1268.845773,275.9600934,324.4644578,107.4624429,32.13542189,32.71329746,4.191159992,2.5,2.5,0,0.0,3990.391276025675,0.3283562155316645,8.5,7.5,4.75,1.0,3.0,1.0,0,5,1,4.25,0,4,0.0,2.5,12.25,7.5,1.75,0.0,0.0,0,2.5,2.5,41.33208255159475,5.703564727954973,13,13,299-W6-17,567767.41,137473.37,200-ZP,LU/CR,MONITORING,ZP-1,True
16774,62,61,100.0,100.0,10000.0,1,1,0,0,1915,62,61,566950.0,136650.0,10620061,0,31.33279529501111,299-W11-41,2,107.87401216235348,299-W11-50,1,207.64073131252707,299-W11-48,0,627.5129322173269,299-W11-107,1,11.55932344657657,168.0,179.55932344657657,1.0,3.0,2,54.96933518982785,200.0,254.96933518982783,1.0,2.0,0,0,0,0,0,0,136650.0,566950.0,1915,3,0,4381.722661,0.807489523,0,0,8293.727501,0.643468297,0,0,637.1077918,0.578718945,0,4,874.7207024,0.833697696,4,0,12826001.14,1.049678937,101.280674,0.13393055,24.86592053,0.150932357,10.10892761,0.148824761,9.750620237,0.115337118,1.0,0.0,12061.30978,0.047278138,124.574821,0.106218368,47.49564581,0.133651026,33.03387959,0.168538202,1.0,0,1122.451262,147.6972808,525.5801021,97.10915886,105.9705177,64.40848344,6.136702782,30.15896235,2.5,2.5,0,3.0,1223.5430907179405,0.8405774665548784,7.5,3.5,4.0,6.0,9.0,6.0,3,7,0,4.5,3,0,7.0,2.5,16.5,13.5,2.0,1.0,3.0,2,2.5,2.5,74.44652908067543,25.82551594746717,15,15,299-W11-41,566935.51,136677.781,200-ZP,UU/MU,MONITORING,ZP-1,True
17321,64,60,100.0,100.0,10000.0,1,1,0,0,2078,64,60,566850.0,136450.0,10640060,0,10.196776206215924,299-W10-27,2,175.80440637252613,299-W14-20,1,397.4678267482699,299-W11-48,0,736.2136103740463,299-W11-107,1,46.25104525520475,158.0,204.2510452552048,1.0,2.0,0,0.0,0.0,0.0,0.0,0.0,0,0,0,0,0,0,136450.0,566850.0,2078,1,0,2146.118426,0.873416439,0,0,8887.712372,0.848840198,0,0,309.263258,0.569473275,0,4,957.2972439,0.808505147,4,0,11647486.11,1.184642748,118.2781179,0.004247378,11.71635959,0.022805209,13.5372637,0.031628998,10.20264778,0.024224163,1.0,0.0,1322.122354,0.001395487,61.30845437,0.003115406,61.2881144,0.0055948,31.11772589,0.014321231,1.0,0,627.1556455,3.866545296,262.0546286,3.8721989,37.82135847,3.797414822,3.347267708,4.13556014,2.25,2.5,0,2.0,952.5501419725464,0.8012367319321456,5.25,3.5,4.0,6.0,7.0,3.0,1,5,0,4.25,1,0,6.0,2.5,12.25,10.5,2.0,1.0,1.0,0,2.25,2.5,41.33208255159475,11.744840525328332,12,12,299-W10-26,566843.396,136400.594,200-ZP,UU/MU,MONITORING,ZP-1,True
17323,64,62,100.0,100.0,10000.0,1,1,0,0,2080,64,62,567050.0,136450.0,10640062,0,55.776257117176776,299-W11-13,1,217.2997682925766,299-W14-20,2,430.3401832271812,299-W11-48,0,540.7536223641889,299-W11-107,0,103.92572102186202,382.0,485.9257210218621,1.0,1.0,0,0.0,0.0,0.0,0.0,0.0,0,0,0,0,0,0,136450.0,567050.0,2080,4,0,7319.890719,1.062257262,0,0,13152.63278,0.783632615,0,0,483.0396568,0.568160025,4,4,1529.423334,0.816586771,4,0,10829840.58,1.204894074,121.3161771,14.42902431,37.75755024,7.974531097,12.24196323,4.310650195,10.78592939,1.353193603,1.0,0.0,2286.828442,-2.49e-06,375.6676663,-0.003124395,56.19988182,-0.003245129,33.64622312,0.001342674,1.0,0,969.1320134,682.8351681,439.6284603,459.8426491,92.96672702,303.6715916,7.405320983,134.0139018,2.5,2.5,0,3.0,2439.1877343257083,0.8914568929340491,7.5,4.5,2.0,10.0,6.0,5.0,0,8,0,4.5,0,4,7.0,2.5,13.5,15.5,1.0,0.0,1.0,0,2.5,2.5,50.62851782363978,42.21388367729831,11,11,299-W11-13,567099.0,136424.0,200-ZP,UU/MU,MONITORING,ZP-1,True
17595,65,60,100.0,100.0,10000.0,1,1,0,0,2160,65,60,566850.0,136350.0,10650060,0,47.82910620111373,299-W14-18,3,88.32434149200625,299-W14-20,2,497.2088829656921,299-W11-48,0,760.743373352663,299-W11-107,1,46.29689767350256,196.0,242.29689767350257,1.0,2.0,0,0.0,0.0,0.0,0.0,0.0,0,0,0,0,0,0,136350.0,566850.0,2160,0,0,1438.538238,0.72861279,0,0,9180.335039,0.959125143,0,0,176.3402007,0.473130728,0,4,982.5118803,0.80492183,4,0,12818053.23,0.791367856,81.97894493,0.006954901,10.83243627,0.027562393,10.862625,0.037420117,9.606292994,0.021549555,1.0,0.0,3076.691244,0.086667927,62.51182581,0.11202848,53.49840439,0.083406182,33.56911621,0.047580959,1.0,0,1171.088339,3.328929793,243.6382847,3.728500476,30.72987276,4.27849074,2.575178276,5.033886966,2.25,1.5,0,1.0,979.5232736469728,0.7935540594926239,5.25,3.5,5.0,7.0,8.0,3.0,1,4,0,4.25,1,0,5.0,1.5,12.25,9.5,2.0,1.0,1.0,0,2.25,1.5,41.33208255159475,9.409005628517825,8,8,299-W14-18,566897.47,136344.15,200-ZP,UU/MU,MONITORING,ZP-1,True
17597,65,62,100.0,100.0,10000.0,1,1,0,0,2162,65,62,567050.0,136350.0,10650062,0,57.98071989892509,299-W14-16,2,155.2842210271466,299-W14-20,2,494.5511823865856,299-W14-72,0,573.7024316664458,299-W11-107,1,4.05527671389161,387.0,391.0552767138916,1.0,2.0,0,0.0,0.0,0.0,0.0,0.0,0,0,0,0,0,0,136350.0,567050.0,2162,3,0,6923.815395,1.070282407,0,0,13531.00428,0.84502601,0,0,433.0405146,0.542068777,4,4,1520.419497,0.808338799,4,0,9367152.991,1.348104469,88.10176539,0.57624285,31.71474851,0.583590376,10.65801178,0.430181728,10.22576518,0.241438778,1.0,0.0,1614.538926,-0.003777357,346.654009,-0.11655827,52.85533052,-0.056797807,38.01000531,-0.053968343,1.0,0,1070.444181,420.9942309,437.2303078,298.9279756,86.88549717,201.1814869,10.14648018,93.7321257,2.5,2.5,0,3.0,2425.547829992065,0.9093077967229756,7.5,4.5,4.0,11.0,7.0,5.0,1,7,0,4.5,1,4,7.0,2.5,14.5,16.5,2.0,1.0,1.0,0,2.5,2.5,58.37711069418387,51.228893058161354,7,7,299-W14-16,567001.334,136318.482,200-ZP,UU/MU,MONITORING,ZP-1,True
17870,66,61,100.0,100.0,10000.0,1,1,0,0,2243,66,61,566950.0,136250.0,10660061,0,53.90609372783385,299-W14-15,3,53.39652891342619,299-W14-20,2,461.2775981987396,299-W14-24,0,707.5680038695873,299-W11-107,0,102.42741256724938,310.0,412.42741256724935,1.0,1.0,2,3.08590032375899,269.0,272.085900323759,1.0,2.0,0,0,0,0,0,0,136250.0,566950.0,2243,2,0,2995.003775,0.926002428,0,0,9744.824483,0.975406625,0,0,240.8315742,0.504021928,4,4,1140.858767,0.818370183,4,0,12083665.07,0.993357177,45.28136219,-1.42e-05,7.203080782,0.000243114,10.95785683,0.000688996,10.63708387,0.001944894,0.0,0.0,8025.032705,-0.000312056,102.0741345,0.000542025,50.25327351,0.002684728,40.34158056,0.009777999,1.0,0,1286.130658,52.67527715,352.7998778,35.88838361,65.2868729,24.08220038,6.60575058,12.13936905,2.5,2.5,0,3.0,1478.026591476088,0.8746805223350675,7.5,4.5,3.0,10.0,10.0,7.0,2,6,0,3.5,2,4,7.0,2.5,14.5,17.5,0.0,0.0,3.0,2,2.5,2.5,58.37711069418387,58.864915572232654,18,18,299-W14-13,566902.0,136282.0,200-ZP,UU/MU,MONITORING,ZP-1,True
18143,67,60,100.0,100.0,10000.0,1,1,0,0,2324,67,60,566850.0,136150.0,10670060,0,50.844504127760025,299-W14-19,2,146.9326012156492,299-W14-20,2,439.3688912519767,299-W14-24,0,843.9019374903647,299-W11-107,0,0.0,0.0,0.0,0.0,0.0,0,0.0,0.0,0.0,0.0,0.0,0,0,0,0,0,0,136150.0,566850.0,2324,1,0,1734.691616,1.015188573,0,0,8849.228635,1.237306369,0,0,62.59732176,0.310995814,0,4,816.1970881,0.784776143,4,0,9338833.99,1.573502817,12.51354025,3.81e-07,9.225926728,6.39e-05,12.34547449,0.001911532,11.2693598,0.008459478,0.0,0.0,727.1543985,1.72e-05,55.28438011,0.000672917,56.07175406,0.011375055,36.54217623,0.039183668,0.0,0,1280.413052,0.991790981,218.2580459,1.643598434,27.30737156,3.014102861,3.231696691,4.710524827,2.25,0.25,0,1.0,773.668291458096,0.7070929411136291,5.25,2.25,2.0,6.0,6.0,3.0,0,5,0,2.25,0,0,5.0,0.25,9.25,7.25,0.0,0.0,0.0,0,2.25,0.25,20.32833020637899,5.206378986866792,0,0,299-W14-14,566898.386,136181.048,200-ZP,UU/MU,MONITORING,ZP-1,True
18985,70,80,100.0,100.0,10000.0,1,1,0,0,2590,70,80,568850.0,135850.0,10700080,0,35.397464598493,299-W13-2P,0,533.060065095909,299-W11-97,0,30.59071918080959,299-W13-3,0,750.8363168394711,299-W14-32,0,0.0,0.0,0.0,0.0,0.0,0,0.0,0.0,0.0,0.0,0.0,0,0,0,0,0,0,135850.0,568850.0,2590,3,0,5183.175089,1.214691904,0,0,3126.175746,0.746440104,0,0,112.0561458,0.418449268,0,3,1108.086258,0.771217352,0,0,60205.2009,2.504644779,0.002190739,0.008276152,0.341890077,0.460139589,3.234966466,3.195181538,6.865754272,7.153131559,0.0,0.0,0.24929796,0.134877274,5.261594175,4.217441768,23.47573937,18.1759721,30.97460056,28.23579143,0.0,0,75.31070487,108.0545109,72.55414639,95.03521485,68.86665107,72.5745731,45.53069836,42.32516719,2.5,2.5,4,1.0,14914.129190352369,0.719262060433658,5.5,2.5,0.0,3.0,0.0,5.0,0,3,0,2.5,0,4,4.0,2.5,5.5,10.5,0.0,0.0,0.0,0,2.5,2.5,6.5572232645403385,11.744840525328332,10,10,299-W13-2P,568832.59,135819.18,200-UP,UU/MU,MONITORING,ZP-1,True
19510,72,57,100.0,100.0,10000.0,1,1,0,0,2731,72,57,566550.0,135650.0,10720057,0,39.25561041426478,299-W15-42,0,430.94808701281954,299-W17-2,1,252.6998053917505,299-W15-17,0,1385.6999964277952,299-W11-107,0,0.0,0.0,0.0,0.0,0.0,0,0.0,0.0,0.0,0.0,0.0,0,0,0,0,0,0,135650.0,566550.0,2731,0,2,289.285393,2.501499479,0,4,1630.463764,3.148416428,0,0,0.0,0.0,0,4,923.534872,0.776204425,0,0,242620.0827,2.754867618,6.259225329,8.12e-05,13.18440716,0.002275531,14.46631899,0.026110122,10.51483161,0.103164463,0.0,0.0,55.93840764,0.001607951,63.71651771,0.024650941,60.07235502,0.174371027,27.21228178,0.549602693,0.0,0,467.8635484,0.012849197,30.87084079,0.066861607,6.653179149,0.260515013,1.273103075,0.676070121,2.25,0.0,0,0.0,680.8675715622574,0.4390952108376907,4.25,5.0,0.0,5.0,0.0,1.0,0,0,2,2.25,0,0,8.0,0.0,4.25,9.0,0.0,0.0,0.0,0,2.25,0.0,3.8461538461538467,8.51782363977486,9,9,299-W15-42,566582.0,135627.0,200-ZP,UU/MU,MONITORING,ZP-1,True
21162,78,65,100.0,100.0,10000.0,1,1,0,0,3231,78,65,567350.0,135050.0,10780065,0,39.11974000425826,299-W19-18,2,173.13804810031277,299-W19-123,3,644.3180588808891,299-W14-71,0,1002.2266730635538,299-W13-5,0,0.0,0.0,0.0,0.0,0.0,0,0.0,0.0,0.0,0.0,0.0,0,0,0,0,0,0,135050.0,567350.0,3231,0,0,1169.079464,0.580122032,4,0,34726.96996,1.304257518,0,0,70.38982192,0.328580467,0,4,1057.300318,0.77442797,3,0,822149.7898,1.934771484,29.85029864,0.000236608,11.05466222,0.001617944,12.34980597,0.007673035,10.82728992,0.015670069,0.0,0.0,139.9563561,0.00053993,85.76519623,0.005987153,46.10345718,0.031084283,34.43407918,0.058827643,0.0,0,182.8414536,0.204287366,154.6482914,0.441119384,128.6755337,0.933845864,95.66284389,1.292129803,2.5,0.0,1,3.0,7508.453929608308,0.8804580068679948,4.5,7.0,2.0,7.0,5.0,7.0,0,3,0,2.5,0,5,7.0,0.0,7.5,15.0,0.0,0.0,0.0,0,2.5,0.0,12.598499061913698,37.91744840525329,28,28,299-W19-18,567361.0,135012.0,200-UP,UU/MU,MONITORING,ZP-1,True
21165,78,68,100.0,100.0,10000.0,1,1,0,0,3234,78,68,567650.0,135050.0,10780068,0,36.311146332770754,299-W19-36,4,37.52196689940237,299-W19-134,2,524.4880942404758,299-W14-71,0,798.889419256527,299-W13-5,0,0.0,0.0,0.0,0.0,0.0,0,0.0,0.0,0.0,0.0,0.0,0,0,0,0,0,0,135050.0,567650.0,3234,1,0,2030.889956,1.232620336,4,0,38776.33598,1.029234225,0,0,190.7791571,0.511006936,0,3,1100.646462,0.771758627,4,0,6230026.398,1.752320182,16.40831629,4.07e-08,19.39433395,3.15e-07,21.9567999,0.00011511,17.84906937,0.001694596,0.0,0.0,7913.486511,6.78e-06,965.6290741,-2.34e-06,475.3404319,0.000710741,408.1238446,0.016904919,1.75,0,219.1610723,0.166719533,158.0826753,0.199483712,122.6754188,0.229713522,88.95687392,0.255757332,2.5,0.0,3,3.0,9615.765512330472,0.8191093362755164,7.5,6.0,4.0,5.0,9.75,8.0,0,5,0,4.25,0,7,6.0,0.0,13.25,15.0,0.0,0.0,1.75,0,2.5,0.0,49.13696060037524,37.91744840525329,17,17,299-W19-43,567699.15,135004.02,200-UP,UU/MU,MONITORING,UP-1,False
21165,78,68,100.0,100.0,10000.0,1,1,0,0,3234,78,68,567650.0,135050.0,10780068,0,36.311146332770754,299-W19-36,4,37.52196689940237,299-W19-134,2,524.4880942404758,299-W14-71,0,798.889419256527,299-W13-5,0,0.0,0.0,0.0,0.0,0.0,0,0.0,0.0,0.0,0.0,0.0,0,0,0,0,0,0,135050.0,567650.0,3234,1,0,2030.889956,1.232620336,4,0,38776.33598,1.029234225,0,0,190.7791571,0.511006936,0,3,1100.646462,0.771758627,4,0,6230026.398,1.752320182,16.40831629,4.07e-08,19.39433395,3.15e-07,21.9567999,0.00011511,17.84906937,0.001694596,0.0,0.0,7913.486511,6.78e-06,965.6290741,-2.34e-06,475.3404319,0.000710741,408.1238446,0.016904919,1.75,0,219.1610723,0.166719533,158.0826753,0.199483712,122.6754188,0.229713522,88.95687392,0.255757332,2.5,0.0,3,3.0,9615.765512330472,0.8191093362755164,7.5,6.0,4.0,5.0,9.75,8.0,0,5,0,4.25,0,7,6.0,0.0,13.25,15.0,0.0,0.0,1.75,0,2.5,0.0,49.13696060037524,37.91744840525329,16,16,299-W19-36,567634.738,135017.052,200-UP,UU/MU,MONITORING,ZP-1,True
21423,79,52,100.0,100.0,10000.0,1,1,0,0,3300,79,52,566050.0,134950.0,10790052,0,55.66435901001764,299-W18-21,0,952.7976136095308,299-W17-3,0,55.7226710863651,299-W18-22,0,2193.638599268366,299-W13-5,0,0.0,0.0,0.0,0.0,0.0,0,0.0,0.0,0.0,0.0,0.0,0,0,0,0,0,0,134950.0,566050.0,3300,0,4,1095.675481,3.959910125,0,4,6004.356463,3.913534751,0,0,248.1327255,0.599534699,4,3,1108.239775,0.771184911,3,4,732043.3713,4.039457415,16.15552072,0.027871014,18.48041926,0.1736342,15.90523235,0.529404591,9.563610329,1.120936949,0.0,0.0,90.80121779,0.130898197,67.79766725,0.989645707,45.40791095,2.715521431,30.92704292,4.94181441,0.0,0,10.17887831,0.035233693,3.416035575,0.106925534,2.295119735,0.193304944,1.406245973,0.288016337,1.75,0.0,0,0.0,2208.085413326471,0.5707044983691147,5.75,4.0,0.0,7.0,7.0,0.0,0,3,8,1.75,0,4,7.0,0.0,12.75,11.0,0.0,0.0,0.0,0,1.75,0.0,44.727954971857415,12.964352720450282,20,20,299-W18-21,566097.7,134978.692,200-UP,UU/MU,MONITORING,ZP-1,True
21454,79,83,100.0,100.0,10000.0,1,1,0,0,3331,79,83,569150.0,134950.0,10790083,0,35.45197644706148,699-38-68A,0,1245.089969841574,299-W11-97,1,381.3159169245262,699-38-70C,0,1283.6013026637174,299-W13-5,0,0.0,0.0,0.0,0.0,0.0,0,0.0,0.0,0.0,0.0,0.0,0,0,0,0,0,0,134950.0,569150.0,3331,0,0,322.5379934,1.830918422,0,1,10562.19703,1.9433375,2,3,1026.587014,0.850514011,4,3,1108.239775,0.771184911,0,0,216312.7375,2.494313201,22.17566606,1.13e-07,19.34785095,1.37e-07,19.17160033,1.44e-06,17.21413949,5.56e-05,0.0,0.0,872.643789,0.000180608,724.8955012,0.000266858,654.6261728,0.000584944,445.505709,0.001775421,0.0,0,26.82983053,0.001326474,26.52755965,0.002348961,22.04337601,0.004478301,15.32201909,0.009430073,2.5,0.0,0,0.0,6701.485189451043,0.3509437464382928,2.5,2.0,5.0,8.0,0.0,1.0,0,2,3,2.5,0,4,4.0,0.0,7.5,9.0,0.0,0.0,0.0,0,2.5,0.0,12.598499061913698,8.51782363977486,5,5,699-38-68A,569180.0,134932.0,200-UP,UU/MU,MONITORING,ZP-1,True
21454,79,83,100.0,100.0,10000.0,1,1,0,0,3331,79,83,569150.0,134950.0,10790083,0,35.45197644706148,699-38-68A,0,1245.089969841574,299-W11-97,1,381.3159169245262,699-38-70C,0,1283.6013026637174,299-W13-5,0,0.0,0.0,0.0,0.0,0.0,0,0.0,0.0,0.0,0.0,0.0,0,0,0,0,0,0,134950.0,569150.0,3331,0,0,322.5379934,1.830918422,0,1,10562.19703,1.9433375,2,3,1026.587014,0.850514011,4,3,1108.239775,0.771184911,0,0,216312.7375,2.494313201,22.17566606,1.13e-07,19.34785095,1.37e-07,19.17160033,1.44e-06,17.21413949,5.56e-05,0.0,0.0,872.643789,0.000180608,724.8955012,0.000266858,654.6261728,0.000584944,445.505709,0.001775421,0.0,0,26.82983053,0.001326474,26.52755965,0.002348961,22.04337601,0.004478301,15.32201909,0.009430073,2.5,0.0,0,0.0,6701.485189451043,0.3509437464382928,2.5,2.0,5.0,8.0,0.0,1.0,0,2,3,2.5,0,4,4.0,0.0,7.5,9.0,0.0,0.0,0.0,0,2.5,0.0,12.598499061913698,8.51782363977486,21,21,699-38-68A,569180.0,134932.0,200-UP,UU/MU,MONITORING,ZP-1/UP-1 Potentially Remove,False
22802,84,61,100.0,100.0,10000.0,1,1,0,0,3719,84,61,566950.0,134450.0,10840061,0,34.93732245036488,299-W22-44,4,35.137297847155224,299-W22-90,3,699.2662500793668,299-W22-24P,0,1707.6997113661605,299-W13-5,1,4.634949386936067,265.0,269.63494938693606,1.0,2.0,0,0.0,0.0,0.0,0.0,0.0,0,0,0,0,0,0,134450.0,566950.0,3719,0,0,640.3886396,0.683402066,0,3,14785.17161,2.447732442,4,2,6913.775423,0.79922468,0,4,1058.209603,0.776118188,4,0,1895515.014,1.147015581,70.54049345,4.7e-09,21.54678113,-2.17e-07,18.48773997,3.43e-07,12.94331406,1.35e-07,1.0,0.0,874.7855746,2.86e-11,29.00681184,-1.39e-10,29.84939028,-3.57e-09,36.31716016,-3.86e-08,0.0,0,110.0022911,0.002291375,81.41909829,0.002888731,69.20356017,0.003351255,57.51537899,0.009631972,2.5,0.0,0,3.0,7049.61450965499,0.884000330265206,6.5,6.0,12.0,8.0,8.0,6.0,1,8,2,3.5,1,0,10.0,0.0,18.5,14.0,2.0,1.0,0.0,0,2.5,0.0,86.36960600375235,29.57786116322702,26,26,299-W22-44,566956.0,134484.0,200-UP,UU/MU,MONITORING,UP-1,False
23091,85,76,100.0,100.0,10000.0,1,1,0,0,3816,85,76,568450.0,134350.0,10850076,0,44.41190113020979,699-36-70A,0,860.3906532500071,299-W19-114,4,804.136361881448,299-W22-24P,0,1394.8642601343072,299-W13-5,0,0.0,0.0,0.0,0.0,0.0,0,0.0,0.0,0.0,0.0,0.0,0,0,0,0,0,0,134350.0,568450.0,3816,0,3,482.6751824,2.737081415,1,0,18947.7878,1.813936108,1,3,961.3962746,0.839670592,4,3,1108.239775,0.771184911,0,0,91662.64943,2.409780282,36.20775787,0.000478771,28.30868095,0.003184315,26.81516163,0.008488208,22.70550564,0.018268071,0.0,0.0,0.411388889,2.21e-07,22.09492198,9.57e-05,118.2284087,0.001441507,211.9330642,0.008419202,0.0,0,14.68816276,0.01491518,12.93999272,0.037925005,8.782217684,0.060997162,5.599473414,0.08713703,2.5,0.0,4,0.0,9923.884426832654,0.6037030324557301,5.5,5.0,4.0,11.0,0.0,8.0,0,1,6,2.5,0,9,3.0,0.0,9.5,16.0,0.0,0.0,0.0,0,2.5,0.0,21.84803001876173,46.87617260787993,19,19,699-36-70A,568466.679,134308.839,200-UP,UU/MU,MONITORING,ZP-1,True
23350,86,61,100.0,100.0,10000.0,1,1,0,0,3883,86,61,566950.0,134250.0,10860061,0,42.784643273030525,299-W22-45,2,121.63724141889917,299-W22-91,2,581.1493839711148,299-W27-2,0,1859.4069764847268,299-W13-5,0,85.59385329571873,315.0,400.5938532957188,1.0,1.0,2,3.061940775917209,274.0,277.0619407759172,1.0,2.0,0,0,0,0,0,0,134250.0,566950.0,3883,0,0,425.2019881,0.798313074,0,3,12383.76424,2.665714351,1,4,900.3416223,0.871171416,0,4,927.7258165,0.781868832,4,0,3226474.531,1.629293545,65.28181365,2.71e-09,30.67245039,1.55e-05,25.62879573,3.52e-05,22.67641908,6.11e-05,1.0,0.0,3676.053534,2.34e-11,67.67667672,1.25e-06,33.46679093,2.23e-06,34.50878393,2.58e-06,1.0,0,80.0673112,0.004556355,48.01460036,0.012040309,36.0858005,0.014454038,31.51653328,0.012519775,2.5,0.0,1,3.0,7590.444381312393,0.8913951595485208,4.5,5.0,8.0,6.0,9.0,8.0,2,5,4,4.5,2,1,10.0,0.0,17.5,15.0,1.0,0.0,3.0,2,2.5,0.0,80.2251407129456,37.91744840525329,25,25,299-W22-49,566904.0,134202.0,200-UP,UU/MU,MONITORING,UP-1,False
23350,86,61,100.0,100.0,10000.0,1,1,0,0,3883,86,61,566950.0,134250.0,10860061,0,42.784643273030525,299-W22-45,2,121.63724141889917,299-W22-91,2,581.1493839711148,299-W27-2,0,1859.4069764847268,299-W13-5,0,85.59385329571873,315.0,400.5938532957188,1.0,1.0,2,3.061940775917209,274.0,277.0619407759172,1.0,2.0,0,0,0,0,0,0,134250.0,566950.0,3883,0,0,425.2019881,0.798313074,0,3,12383.76424,2.665714351,1,4,900.3416223,0.871171416,0,4,927.7258165,0.781868832,4,0,3226474.531,1.629293545,65.28181365,2.71e-09,30.67245039,1.55e-05,25.62879573,3.52e-05,22.67641908,6.11e-05,1.0,0.0,3676.053534,2.34e-11,67.67667672,1.25e-06,33.46679093,2.23e-06,34.50878393,2.58e-06,1.0,0,80.0673112,0.004556355,48.01460036,0.012040309,36.0858005,0.014454038,31.51653328,0.012519775,2.5,0.0,1,3.0,7590.444381312393,0.8913951595485208,4.5,5.0,8.0,6.0,9.0,8.0,2,5,4,4.5,2,1,10.0,0.0,17.5,15.0,1.0,0.0,3.0,2,2.5,0.0,80.2251407129456,37.91744840525329,23,23,299-W22-45,566945.0,134293.0,200-UP,UU/MU,MONITORING,UP-1,False
23624,87,61,100.0,100.0,10000.0,1,1,0,0,3965,87,61,566950.0,134150.0,10870061,0,46.93195286799367,299-W22-50,4,41.2506787822858,299-W22-91,2,481.46111628043786,299-W27-2,0,1938.5490203242412,299-W13-5,1,5.414610693658312,273.0,278.4146106936583,1.0,2.0,2,103.03334505156626,272.0,375.03334505156624,1.0,2.0,0,0,0,0,0,0,134150.0,566950.0,3965,0,0,468.8408594,0.81381666,0,4,11455.80472,2.804959674,3,4,1533.830354,0.899765181,0,4,830.4472545,0.779416371,4,0,6894455.557,1.524376845,43.95364893,5.73e-09,22.15809228,2.64e-06,22.05112123,2.13e-05,20.93786799,5.4e-05,0.0,0.0,3603.756317,4.64e-11,14.35350425,1.62e-08,15.45112254,1.02e-07,25.38425562,3.05e-07,1.0,0,74.17605247,0.000612987,40.5104243,0.001727966,38.70428323,0.00163458,34.9692689,0.001635101,2.5,0.0,1,3.0,7861.691966044965,0.8864325522239987,6.5,6.0,12.0,7.0,11.0,8.0,3,7,4,3.5,3,1,11.0,0.0,21.5,17.0,1.0,1.0,3.0,2,2.5,0.0,99.74671669793622,55.281425891181996,22,22,299-W22-50,566904.0,134140.0,200-UP,UU/MU,MONITORING,UP-1,False
23906,88,69,100.0,100.0,10000.0,1,1,0,0,4055,88,69,567750.0,134050.0,10880069,0,12.615909321205102,299-W22-9,0,582.5113891590776,299-W22-92,1,374.95238164329794,299-W22-24P,0,1691.7228804387723,299-W13-5,0,0.0,0.0,0.0,0.0,0.0,0,0.0,0.0,0.0,0.0,0.0,0,0,0,0,0,0,134050.0,567750.0,4055,0,0,1419.615338,2.01290519,1,3,16924.59813,2.134436571,0,0,161.8670876,0.489068654,0,3,1101.403921,0.771951248,2,0,468958.7025,1.978799086,26.3287985,0.058489753,27.4359963,0.156906013,27.47780707,0.286351019,26.74507478,0.474806656,0.0,0.0,1900.933808,0.000524818,1795.782365,0.004915207,560.0866882,0.014139746,65.40919407,0.028812125,1.75,0,29.20499339,0.117179796,31.68034204,0.189449355,27.91282798,0.252203708,14.47239244,0.320265491,2.5,0.0,3,3.0,9337.817658418347,0.8239057772690191,2.5,5.0,0.0,4.0,3.75,7.0,0,2,0,4.25,0,4,9.0,0.0,6.25,14.0,0.0,0.0,1.75,0,2.5,0.0,8.461538461538462,29.57786116322702,24,24,299-W22-9,567740.0,134043.0,200-UP,UU/MU,MONITORING,UP-1,False
23927,88,90,100.0,100.0,10000.0,1,1,0,0,4076,88,90,569850.0,134050.0,10880090,0,49.86749298893141,699-35-66A,0,2173.2248103221928,299-W19-114,4,1318.369529570518,699-30-66,0,2399.643370211498,299-W13-5,0,0.0,0.0,0.0,0.0,0.0,0,0.0,0.0,0.0,0.0,0.0,0,0,0,0,0,0,134050.0,569850.0,4076,0,4,1317.261945,3.254353118,2,0,19398.98015,1.866684989,0,0,5.987892461,0.101764126,4,3,1108.239775,0.771184911,0,0,155337.7074,2.67153373,51.21230468,0.031660031,35.44183644,0.053600058,29.21678458,0.062365932,24.31241803,0.0655459,1.0,0.0,5.33e-09,1.85e-14,1.7e-05,6.53e-09,0.000741289,3.35e-06,0.008825824,0.000301388,0.0,0,0.076111748,8.07e-09,0.123894306,9e-08,0.153586211,3.87e-07,0.189240704,1.36e-06,0.0,0.0,2,0.0,8929.187488159316,0.64398613850243,4.0,6.0,1.0,11.0,0.0,6.0,0,0,4,1.0,0,8,3.0,0.0,5.0,15.0,1.0,0.0,0.0,0,0.0,0.0,5.159474671669794,37.91744840525329,6,6,699-35-66A,569857.861,134099.244,200-UP,UU/MU,MONITORING,ZP-1,True
24188,89,77,100.0,100.0,10000.0,1,1,0,0,4145,89,77,568550.0,133950.0,10890077,0,36.68017448158914,299-W21-3,0,1245.175520237996,299-W19-114,4,1012.7631946807268,299-W22-24P,0,1807.1746745126875,299-W13-5,0,0.0,0.0,0.0,0.0,0.0,0,0.0,0.0,0.0,0.0,0.0,0,0,0,0,0,0,133950.0,568550.0,4145,3,4,4812.9646,3.149796778,2,0,19486.25248,1.888142032,1,2,880.905671,0.832166606,4,3,1108.239775,0.771184911,2,1,564619.3635,3.064881271,27.68304825,0.000753663,14.68681842,0.009690808,12.1219669,0.037372681,11.79221428,0.102885796,0.0,0.0,0.232482399,7.09e-06,6.634065184,0.000823935,24.55269333,0.006966095,37.44567315,0.026859728,0.0,0,2.524544329,0.003285177,1.465292715,0.010974175,1.082113546,0.017626332,2.361748319,0.028190636,0.0,0.0,3,0.0,9033.888646271738,0.6485471653492525,7.0,6.0,3.0,11.0,3.0,7.0,0,6,7,0.0,0,9,3.0,0.0,13.0,16.0,0.0,0.0,0.0,0,0.0,0.0,46.87617260787993,46.87617260787993,27,27,699-35-70,568566.0,133988.0,200-UP,UU/MU,MONITORING,UP-1,False
