NAME,GWIA,easting_m_check,northing_m_check,Final_Assignment,HSU_source,elevation_m,tos_m,bos_m,mos_m,TYPE_scripts
299-W10-1,200-ZP,566663.096,136734.565,UU/MU,SGW-38815,207.459,149.547,125.163,137.355,MONITORING
299-W10-14,200-ZP,566017.194,136608.895,LU/CR,SGW-38815,213.572,83.4224,77.3264,80.3744,MONITORING
299-W10-20,200-ZP,566249.695,136866.607,UU/MU,CP-67635,209.75,142.17584,136.11032,139.14308,MONITORING
299-W10-23,200-ZP,566823.729,136815.339,UU/MU,SGW-38815,206.69,137.872256,127.173776,132.523016,MONITORING
299-W10-24,200-ZP,566885.426,136798.78,UU/MU,SGW-38815,208.978,137.977888,127.282456,132.630172,MONITORING
299-W10-26,200-ZP,566843.396,136400.594,UU/MU,SGW-38815,204.673,138.519208,127.823776,133.171492,MONITORING
299-W10-27,200-ZP,566843.969,136441.778,UU/MU,SGW-38815,204.899,137.5382,126.8702,132.2042,MONITORING
299-W10-28,200-ZP,566701.55,136709.93,UU/MU,SGW-38815,206.1,137.462088,126.794088,132.128088,MONITORING
299-W10-29,200-ZP,566082.98,136828.74,UU/MU,SGW-38815,211.622,136.942952,126.274952,131.608952,MONITORING
299-W10-30,200-ZP,566082.78,136739.33,UU/MU,SGW-38815,210.864,136.99572,126.32772,131.66172,MONITORING
299-W10-31,200-ZP,566266.44,136968.34,UU/MU,SGW-38815,209.666,136.535336,125.842952,131.189144,MONITORING
299-W10-33,200-ZP,566772.75,136610.19,UU/MU,SGW-38815,205.176,86.304,80.208,83.256,MONITORING
299-W10-200,200-ZP,566570.23,136463.41,UU/MU,CP-67635,205.961,133.47956,125.850416,129.664988,MONITORING
299-W10-201,200-ZP,566017.2,136957.24,UU/MU,CP-67635,213.454,137.89408,130.27408,134.08408,MONITORING
299-W10-202,200-ZP,566015.96,136906.28,UU/MU,CP-67635,213.605,137.16116,129.51068,133.33592,MONITORING
299-W10-203,200-ZP,566018.8,136710.81,UU/MU,CP-67635,212.894,137.12072,129.47024,133.29548,MONITORING
299-W10-204,200-ZP,566256.17,136901.49,UU/MU,CP-67635,209.801,136.584992,128.9528,132.768896,MONITORING
299-W10-205,200-ZP,566785.69,137184.87,UU/MU,CP-67635,208.226,132.934304,125.296016,129.11516,MONITORING
299-W11-13,200-ZP,567099,136424,UU/MU,ECF-200ZP1-22-0098,211.3,144.8,125.2,135,MONITORING
299-W11-14,200-ZP,567458,136914,UU/MU,ECF-200ZP1-22-0098,219,142.8,123.6,133.2,MONITORING
299-W11-18,200-ZP,567181.916,137161.484,UU/MU,SGW-38815,216.537,147.3474,126.621,136.9842,MONITORING
299-W11-22,200-ZP,567269,136673,UU/MU,ECF-200ZP1-22-0098,215.7,139.5,128.6,134.1,MONITORING
299-W11-26,200-ZP,567045,136564,-,ECF-200ZP1-22-0098,213.1,No Screened Interval,,,MONITORING
299-W11-33Q,200-ZP,567184.869,136844.366,UU/MU,SGW-38815,216.346,127.365736,126.497056,126.931396,MONITORING
299-W11-39,200-ZP,566908.383,136779.917,UU/MU,SGW-38815,209.885,137.15972,126.473432,131.816576,MONITORING
299-W11-40,200-ZP,566926.838,136709.666,UU/MU,SGW-38815,209.696,137.129216,126.449024,131.78912,MONITORING
299-W11-41,200-ZP,566935.51,136677.781,UU/MU,SGW-38815,209.667,137.52084,126.85284,132.18684,MONITORING
299-W11-42,200-ZP,566920.435,136745.665,UU/MU,SGW-38815,210.179,138.014552,127.343504,132.679028,MONITORING
299-W11-43,200-ZP,567269.74,136971.04,LU/CR,SGW-38815,216.733,87.28444,82.71244,84.99844,MONITORING
299-W11-45,200-ZP,566992.84,136775.64,UU/MU,SGW-38815,212.884,127.149856,122.702824,124.92634,MONITORING
299-W11-46,200-ZP,566914.86,136773.27,UU/MU,ECF-200ZP1-22-0098,210.116,129.83168,123.73568,126.78368,MONITORING
299-W11-47,200-ZP,566933.82,136680.7,UU/MU,SGW-38815,209.655,126.066648,116.761104,121.413876,MONITORING
299-W11-48,200-ZP,566881.97,136846.18,LU/CR,SGW-38815,208.897,124.333288,96.886048,110.609668,MONITORING
299-W11-49,200-ZP,567361.5,135924.72,UU/MU,SGW-38815,216.009,136.761,87.993,112.377,EXTRACTION
299-W11-50,200-ZP,566966.27,136756.64,UU/MU,SGW-38815,212.282,129.84884,84.14408,106.99646,EXTRACTION
299-W11-87,200-ZP,568141.08,136608.7,LU/CR,SGW-38815,222.816,106.452504,101.874408,104.163456,MONITORING
299-W11-88,200-ZP,567874.67,137113.09,LU/CR,SGW-38815,221.115,85.44852,73.25652,79.35252,MONITORING
299-W11-90,200-ZP,567306.79,136519.66,UU/MU,SGW-38815,218.146,136.011544,64.365256,100.1884,EXTRACTION
299-W11-92,200-ZP,566692.86,136351.78,UU/MU,SGW-38815,204.578,128.378,84.182,106.28,EXTRACTION
299-W11-96,200-ZP,567774.83,136772.24,UU/MU,SGW-38815,220.744,130.94992,79.13392,105.04192,EXTRACTION
299-W11-97,200-UP,568317.57,135875.91,UU/MU,SGW-38815,223.462,121.289992,67.946944,94.618468,EXTRACTION
299-W11-98,200-ZP,567596.33,136479.36,LU/CR,CP-67635,219.951,73.863408,61.66836,67.765884,MONITORING
299-W11-99,200-ZP,567615.778,136481.217,LU/CR,CP-67635,220.068,113.384952,104.234856,108.809904,MONITORING
299-W11-100,200-ZP,567605.826,136490.562,LU/CR,CP-67635,219.85,97.893424,88.703704,93.298564,MONITORING
299-W11-106,200-ZP,568036.76,136481.53,UU/MU,CP-67635,223.426,133.726408,75.799168,104.762788,EXTRACTION
299-W11-107,200-ZP,567573.99,136583.6,LU/CR,CP-67635,219.731,132.966632,67.428536,100.197584,EXTRACTION
299-W11-116,200-ZP,567928.757,136407.124,UU/MU,CP-67635,222.31,126.249232,62.2138,94.231516,EXTRACTION
299-W12-2,200-ZP,568312.67,136610.25,UU/MU,SGW-38815,223.478,126.853352,88.747256,107.800304,EXTRACTION
299-W12-3,200-ZP,568321.53,136998.09,UU/MU,SGW-38815,224.167,129.715576,76.378624,103.0471,EXTRACTION
299-W12-4,200-ZP,568327.41,136363.65,UU/MU,SGW-38815,223.485,114.09228,71.48124,92.78676,EXTRACTION
299-W12-5,200-ZP,568101.7,136735.54,UU/MU,CP-67635,223.373,133.50272,70.991288,102.247004,EXTRACTION
299-W12-6,200-ZP,568139.873,136521.266,LU/CR,CP-67635,222.678,124.544592,68.123064,96.333828,EXTRACTION
299-W13-1,200-ZP,568148.74,136048.6,UU/MU,SGW-38815,222.811,103.652488,92.990584,98.321536,MONITORING
299-W13-2P,200-UP,568832.59,135819.18,UU/MU,ECF-200ZP1-22-0098,225.493,128.5666,122.4706,125.5186,MONITORING
299-W13-2Q,200-UP,568832.59,135819.18,UU/MU,ECF-200ZP1-22-0098,225.493,110.2786,104.1826,107.2306,MONITORING
299-W13-3,200-UP,568846.25,135819.64,LU/CR,CP-67635,225.575,81.407648,72.257552,76.8326,MONITORING
299-W13-5,200-UP,568110.39,135702.89,LU/CR,CP-67635,222.043,136.48564,58.789072,97.637356,EXTRACTION
299-W14-11,200-ZP,566901.69,136287.62,UU/MU,SGW-38815,204.383,124.61684,121.56884,123.09284,MONITORING
299-W14-13,200-ZP,566902,136282,UU/MU,ECF-200ZP1-22-0098,204.3,138.3,127.6,133,MONITORING
299-W14-14,200-ZP,566898.386,136181.048,UU/MU,SGW-38815,204.621,138.485496,127.8114,133.148448,MONITORING
299-W14-15,200-ZP,566899.685,136230.654,UU/MU,SGW-38815,204.584,137.6042,126.975824,132.290012,MONITORING
299-W14-16,200-ZP,567001.334,136318.482,UU/MU,SGW-38815,205.368,137.415888,126.766176,132.091032,MONITORING
299-W14-17,200-ZP,567006.773,136218.349,UU/MU,SGW-38815,205.079,137.431688,126.757592,132.09464,MONITORING
299-W14-18,200-ZP,566897.47,136344.15,UU/MU,SGW-38815,204.263,137.798312,127.13336,132.465836,MONITORING
299-W14-19,200-ZP,566898.6,136135.06,UU/MU,SGW-38815,204.899,136.7762,126.1082,131.4422,MONITORING
299-W14-20,200-ZP,566909.22,136284.47,UU/MU,SGW-38815,204.399,129.774816,81.022056,105.398436,EXTRACTION
299-W14-21,200-ZP,567721.52,135890.01,UU/MU,SGW-38815,219.32,124.81676,62.348,93.58238,EXTRACTION
299-W14-22,200-ZP,568324.69,136117.29,UU/MU,SGW-38815,223.622,126.448712,68.515376,97.482044,EXTRACTION
299-W14-24,200-ZP,567161.35,135839.99,LU/CR,CP-67635,212.955,65.526288,59.42724,62.476764,MONITORING
299-W14-25,200-ZP,567169.051,135845.699,UU/MU,CP-67635,213.005,95.559464,86.394128,90.976796,MONITORING
299-W14-28,200-ZP,567471.073,136463.557,UU/MU,CP-67635,219.636,126.513504,62.459784,94.486644,EXTRACTION
299-W14-29,200-ZP,568068.098,136864.485,LU/CR,CP-67635,221.898,124.166928,70.829976,97.498452,EXTRACTION
299-W14-30,200-ZP,568093.697,136358.527,LU/CR,CP-67635,223.064,124.8422,62.321624,93.581912,EXTRACTION
299-W14-31,200-ZP,567778.283,136542.037,LU/CR,CP-67635,221.318,125.434016,64.434392,94.934204,EXTRACTION
299-W14-32,200-ZP,568127.499,136054.322,LU/CR,CP-67635,222.787,124.647496,63.693592,94.170544,EXTRACTION
299-W14-71,200-UP,567733.43,135567.81,LU/CR,SGW-38815,218.639,93.460688,88.894784,91.177736,MONITORING
299-W14-72,200-ZP,567328.44,135941.28,LU/CR,SGW-38815,215.667,89.476752,84.904752,87.190752,MONITORING
299-W14-73,200-ZP,567358.99,136204.58,UU/MU,SGW-38815,216.725,128.08916,67.09868,97.59392,EXTRACTION
299-W14-74,200-ZP,567781.48,136381.29,UU/MU,SGW-38815,221.443,127.028152,70.618816,98.823484,EXTRACTION
299-W14-75,200-ZP,568000.13,136204.5,LU/CR,CP-67635,222.414,118.937448,76.271544,97.604496,EXTRACTION
299-W15-1,200-ZP,566554,135943,UU/MU,ECF-200ZP1-22-0098,206.4,136.1,124,130,MONITORING
299-W15-3,200-ZP,566729,136371,UU/MU,ECF-200ZP1-22-0098,205.2,144.3,133.3,138.8,MONITORING
299-W15-7,200-ZP,566675.883,135920.204,UU/MU,SGW-38815,204.249,148.7754,109.42572,129.10056,MONITORING
299-W15-11,200-ZP,566412.296,136000.716,UU/MU,SGW-38815,208.261,152.4826,117.7354,135.109,MONITORING
299-W15-15,200-ZP,566088.805,135751.493,UU/MU,CP-67635,213.162,145.1916,135.438,140.3148,MONITORING
299-W15-17,200-ZP,566306.891,135718.958,LU/CR,CP-67635,209.236,80.458,77.41,78.934,MONITORING
299-W15-30,200-ZP,566304.617,135748.936,UU/MU,SGW-38815,209.277,142.806216,130.6386,136.722408,MONITORING
299-W15-31A,200-ZP,566377,135856,UU/MU,ECF-200ZP1-22-0098,207.7,142.9,130.7,136.8,MONITORING
299-W15-33,200-ZP,566433.21,135966.08,UU/MU,ECF-200ZP1-22-0098,206.831,142.2896,127.906088,135.097844,MONITORING
299-W15-34,200-ZP,566613,135960,UU/MU,ECF-200ZP1-22-0098,204.9,140.7,125.5,133.1,MONITORING
299-W15-36,200-ZP,566774,135430,UU/MU,ECF-200ZP1-22-0098,203.9,139.6,124.6,132.1,MONITORING
299-W15-37,200-UP,566716.468,135248.316,UU/MU,SGW-38815,203.028,140.287968,125.21256,132.750264,MONITORING
299-W15-40,200-ZP,566652.502,136204.971,UU/MU,ECF-200ZP1-22-0098,205.06,138.62884,127.921216,133.275028,MONITORING
299-W15-42,200-ZP,566582,135627,UU/MU,ECF-200ZP1-22-0098,206.5,137,121.8,129.4,MONITORING
299-W15-43,200-ZP,566490,136210,UU/MU,ECF-200ZP1-22-0098,206.8,137.8,127.1,132.4,MONITORING
299-W15-44,200-ZP,566685.02,136066.47,UU/MU,ECF-200ZP1-22-0098,204.168,138.255,127.587,132.921,MONITORING
299-W15-46,200-ZP,566752.23,135586.67,UU/MU,SGW-38815,203.472,139.607256,115.241544,127.4244,MONITORING
299-W15-47,200-ZP,566776,135642,UU/MU,ECF-200ZP1-22-0098,202.7,136.1,117.8,127,MONITORING
299-W15-49,200-ZP,566307.2,135972.91,UU/MU,SGW-38815,208.383,136.523352,125.855352,131.189352,MONITORING
299-W15-50,200-ZP,566793.47,135790.72,UU/MU,SGW-38815,202.499,128.307632,117.645728,122.97668,MONITORING
299-W15-83,200-ZP,566304.52,135826.24,UU/MU,SGW-38815,208.953,137.325,126.650904,131.987952,MONITORING
299-W15-94,200-ZP,566307.58,135640.34,UU/MU,SGW-38815,209.41,137.44672,126.77872,132.11272,MONITORING
299-W15-152,200-ZP,566309.4,135550,UU/MU,SGW-38815,209.414,137.472056,126.804056,132.138056,MONITORING
299-W15-224,200-ZP,566307.89,135926.08,UU/MU,SGW-38815,208.314,136.5336,125.8656,131.1996,MONITORING
299-W15-225,200-ZP,566657.35,136108.93,UU/MU,SGW-38815,204.846,130.17,81.402,105.786,EXTRACTION
299-W15-231,200-ZP,566484.84,136212.92,UU/MU,CP-67635,206.876,134.239112,126.613016,130.426064,MONITORING
299-W15-232,200-ZP,566090.046,135729.045,UU/MU,CP-67635,213.137,137.915408,130.289312,134.10236,MONITORING
299-W15-763,200-ZP,566809.207,136028.763,UU/MU,SGW-38815,202.175,137.6336,126.944264,132.288932,MONITORING
299-W15-765,200-ZP,566697.02,136373.06,UU/MU,ECF-200ZP1-22-0098,204.505,137.449,126.781,132.115,MONITORING
299-W17-1,200-ZP,565310.68,135038.74,UU/MU,SGW-38815,198.406,139.418056,128.731768,134.074912,MONITORING
299-W17-2,200-ZP,566951.64,135806.21,UU/MU,SGW-38815,204.515,135.88928,84.051944,109.970612,EXTRACTION
299-W17-3,200-UP,566925.89,135325.02,UU/MU,SGW-38815,206.137,137.557,75.073,106.315,EXTRACTION
299-W18-1,200-ZP,566421.515,135465.21,UU/MU,ECF-200ZP1-22-0098,208.252,148.816,78.712,113.764,MONITORING
299-W18-6,200-ZP,566513,135413,-,ECF-200ZP1-22-0098,208.1,No Screened Interval,,,MONITORING
299-W18-7,200-ZP,566581,135410,UU/MU,ECF-200ZP1-22-0098,207.1,147.3,141.2,144.3,MONITORING
299-W18-15,200-UP,566380.033,134733.478,UU/MU,SGW-38815,202.219,150.403,129.18892,139.79596,MONITORING
299-W18-16,200-ZP,566605.05,135425.69,UU/MU,SGW-38815,207.887,136.4114,125.752544,131.081972,MONITORING
299-W18-21,200-UP,566097.7,134978.692,UU/MU,SGW-38815,204.253,144.6646,135.5206,140.0926,MONITORING
299-W18-22,200-UP,566088.632,134990.157,LU/CR,SGW-38815,204.249,77.2998,67.851,72.5754,MONITORING
299-W18-40,200-UP,566723.29,134996.41,UU/MU,SGW-38815,202.735,136.206304,125.535256,130.87078,MONITORING
299-W18-45,200-UP,566213.05,134976.94,UU/MU,CP-67635,207.707,137.014736,129.379496,133.197116,MONITORING
299-W18-46,200-UP,566333.51,135008.82,UU/MU,CP-67635,209.63,136.764512,129.138416,132.951464,MONITORING
299-W18-47,200-UP,566103.44,134978.72,UU/MU,CP-67635,204.59,138.536792,130.9046,134.720696,MONITORING
299-W18-260,200-UP,566862.54,135196.89,UU/MU,SGW-38815,205.052,131.970104,122.826104,127.398104,MONITORING
299-W18-261,200-UP,566625.427,135064.168,UU/MU,CP-67635,202.673,133.6358,126.003608,129.819704,MONITORING
299-W19-12,200-UP,566897,135059,UU/MU,ECF-200ZP1-22-0098,205.7,141.7,129.5,135.6,MONITORING
299-W19-18,200-UP,567361,135012,UU/MU,ECF-200ZP1-22-0098,213.5,143.4,129.7,136.5,MONITORING
299-W19-34A,200-UP,567673.637,135012.246,UU/MU,SGW-38815,214.508,115.69184,110.99792,113.34488,MONITORING
299-W19-34B,200-UP,567662.876,135010.654,UU/MU,SGW-38815,214.51,89.048224,86.100808,87.574516,MONITORING
299-W19-35,200-UP,567992,135015,UU/MU,ECF-200ZP1-22-0098,212.9,139.8,130.6,135.2,MONITORING
299-W19-36,200-UP,567634.738,135017.052,UU/MU,SGW-38815,214.901,140.27072,126.5852,133.42796,MONITORING
299-W19-39,200-UP,567901.739,134886.74,UU/MU,SGW-38815,210.463,139.145896,123.88456,131.515228,MONITORING
299-W19-101,200-UP,567939.14,135014.07,UU/MU,SGW-38815,213.379,134.121856,123.453856,128.787856,MONITORING
299-W19-105,200-UP,567565.15,134745.44,UU/MU,SGW-38815,212.955,135.17004,124.462416,129.816228,MONITORING
299-W19-107,200-UP,567997.87,135205.66,UU/MU,SGW-38815,216.669,122.016408,117.44136,119.728884,MONITORING
299-W19-111,200-UP,567313.04,135547.02,UU/MU,SGW-38815,214.261,125.957392,89.381392,107.669392,EXTRACTION
299-W19-113,200-UP,567689.62,135008.2,UU/MU,SGW-38815,214.537,127.355056,104.507248,115.931152,EXTRACTION
299-W19-114,200-UP,567901.89,135013.21,UU/MU,SGW-38815,213.674,128.08616,105.22616,116.65616,EXTRACTION
299-W19-115,200-UP,567371.99,135011.96,UU/MU,SGW-38815,213.374,129.49304,118.815896,124.154468,MONITORING
299-W19-116,200-UP,568510.19,135090.16,UU/MU,SGW-38815,217.673,130.07348,119.399384,124.736432,MONITORING
299-W19-123,200-UP,567511.71,134988.14,UU/MU,CP-67635,214.366,130.963576,80.662432,105.813004,EXTRACTION
299-W19-125,200-UP,567720.14,135090.85,UU/MU,SGW-38815,215.628,130.896648,85.484496,108.190572,EXTRACTION
299-W19-126,200-UP,567397.26,135101.2,UU/MU,ECF-200ZP1-22-0098,214.883,131.986544,84.76388,108.375212,MONITORING
299-W19-127,200-UP,567036.73,135110.71,UU/MU,CP-67635,210.173,132.366704,121.668224,127.017464,MONITORING
299-W19-128,200-UP,567002.55,135254.98,UU/MU,CP-67635,209.737,130.91572,121.75648,126.3361,MONITORING
299-W19-131,200-UP,568060.13,135008.14,UU/MU,ECF-200ZP1-22-0098,213.056,130.080296,123.984296,127.032296,MONITORING
299-W19-132,200-UP,567646.1,134691.91,UU/MU,CP-67635,212.306,126.385928,117.2084,121.797164,MONITORING
299-W19-134,200-UP,567630.02,135018.24,UU/MU,CP-67635,215.109,128.905464,109.093464,118.999464,EXTRACTION
299-W19-135,200-UP,567601.98,135006.96,UU/MU,CP-67635,215.102,129.36176,120.17204,124.7669,MONITORING
299-W19-136,200-UP,567703.414,134998.765,UU/MU,CP-67635,214.363,128.723344,119.5702,124.146772,MONITORING
299-W19-4,200-UP,567949.931,135350.792,UU/MU,SGW-38815,218.686,140.962,115.72456,128.34328,MONITORING
299-W19-6,200-UP,567133.33,134693.76,UU/MU,SGW-38815,209.585096,93.761096,84.312296,89.036696,MONITORING
299-W19-41,200-UP,566896.532,135004.51,UU/MU,SGW-38815,205.781,138.70976,128.014328,133.362044,MONITORING
299-W19-42,200-UP,566896.812,135122.901,UU/MU,SGW-38815,205.506,138.364656,127.669224,133.01694,MONITORING
299-W19-43,200-UP,567699.15,135004.02,UU/MU,SGW-38815,214.441,135.869656,125.219944,130.5448,MONITORING
299-W19-44,200-UP,566896.95,135041.97,UU/MU,SGW-38815,206.52,136.44648,125.77848,131.11248,MONITORING
299-W19-45,200-UP,566897.65,135087.65,UU/MU,SGW-38815,205.661,137.349224,126.708656,132.02894,MONITORING
299-W19-46,200-UP,567782.67,134842.46,UU/MU,SGW-38815,213.388,135.664,124.996,130.33,MONITORING
299-W19-47,200-UP,566895.31,135161.86,UU/MU,SGW-38815,205.551,136.34616,125.681208,131.013684,MONITORING
299-W19-48,200-UP,567822.93,134925.99,UU/MU,SGW-38815,212.132,132.2744,121.54544,126.90992,MONITORING
299-W19-49,200-UP,567568.04,134894.38,UU/MU,SGW-38815,213.427,134.343592,123.675592,129.009592,MONITORING
299-W20-1,200-UP,568219.97,135054.03,UU/MU,ECF-200ZP1-22-0098,214.811,130.097936,120.953936,125.525936,MONITORING
299-W21-2,200-UP,568124.39,134573.79,UU/MU,SGW-38815,214.136,134.84228,124.168184,129.505232,MONITORING
299-W21-3,200-UP,568570.76,133980.24,UU/MU,SGW-38815,212.812,119.866288,113.770288,116.818288,MONITORING
299-W22-9,200-UP,567740,134043,UU/MU,ECF-200ZP1-22-0098,207.5,140.5,116.4,128.4,MONITORING
299-W22-10,200-UP,567013,134215,UU/MU,ECF-200ZP1-22-0098,205.3,143.4,130.9,137.2,MONITORING
299-W22-20,200-UP,567593,133879,UU/MU,ECF-200ZP1-22-0098,207.1,144.6,116,130.3,MONITORING
299-W22-24P,200-UP,567648,134411,LU/CR,ECF-200ZP1-22-0098,211.5,40.2,38.7,39.4,MONITORING
299-W22-24R,200-UP,567648,134411,UU/MU,ECF-200ZP1-22-0098,211.5,79.8,78.3,79.1,MONITORING
299-W22-24S,200-UP,567648,134411,UU/MU,ECF-200ZP1-22-0098,211.5,98.1,96.6,97.3,MONITORING
299-W22-24T,200-UP,567648,134411,UU/MU,ECF-200ZP1-22-0098,211.5,116.4,114.9,115.6,MONITORING
299-W22-44,200-UP,566956,134484,UU/MU,ECF-200ZP1-22-0098,206.7,144.2,133,138.6,MONITORING
299-W22-45,200-UP,566945,134293,UU/MU,ECF-200ZP1-22-0098,203.1,142.8,131.9,137.3,MONITORING
299-W22-47,200-UP,566908.74,134076.28,UU/MU,SGW-38815,205.528,135.829384,125.158336,130.49386,MONITORING
299-W22-49,200-UP,566904,134202,UU/MU,ECF-200ZP1-22-0098,203.9,137.5,132.9,135.2,MONITORING
299-W22-50,200-UP,566904,134140,UU/MU,ECF-200ZP1-22-0098,204.1,137.7,133.1,135.4,MONITORING
299-W22-69,200-UP,567179.6,134347.83,UU/MU,SGW-38815,207.267,134.715456,124.04136,129.378408,MONITORING
299-W22-72,200-UP,567237.37,134207.08,UU/MU,SGW-38815,207.342,135.110496,124.4364,129.773448,MONITORING
299-W22-79,200-UP,567629.54,134464.846,UU/MU,SGW-38815,210.941,136.96604,126.359,131.66252,MONITORING
299-W22-80,200-UP,566842.851,134125.649,UU/MU,SGW-38815,199.974,137.480856,126.80676,132.143808,MONITORING
299-W22-81,200-UP,567000.263,134354.189,UU/MU,SGW-38815,205.909,136.7956,126.136744,131.466172,MONITORING
299-W22-82,200-UP,567004.731,134167.07,UU/MU,SGW-38815,206.127,137.21172,126.51324,131.86248,MONITORING
299-W22-83,200-UP,567009.082,134092.546,UU/MU,SGW-38815,206.338,137.36176,126.69376,132.02776,MONITORING
299-W22-84,200-UP,566978.76,134547.62,UU/MU,SGW-38815,207.793,137.0794,126.4114,131.7454,MONITORING
299-W22-85,200-UP,566902.9,134260.58,UU/MU,SGW-38815,203.682,137.503824,126.863256,132.18354,MONITORING
299-W22-86,200-UP,567186.74,134041.31,UU/MU,SGW-38815,205.7,135.157088,124.461656,129.809372,MONITORING
299-W22-87,200-UP,567541.75,134539.88,UU/MU,SGW-38815,211.274,135.003896,124.31456,129.659228,MONITORING
299-W22-88,200-UP,568046.48,134390.53,UU/MU,SGW-38815,213.137,133.5842,122.9162,128.2502,MONITORING
299-W22-89,200-UP,566906.77,134031.67,UU/MU,SGW-38815,205.457,135.096968,124.419824,129.758396,MONITORING
299-W22-90,200-UP,566961.39,134483.24,UU/MU,SGW-38815,207.07,131.58628,119.391232,125.488756,EXTRACTION
299-W22-91,200-UP,566911.76,134134.53,UU/MU,SGW-38815,204.4,131.211424,115.96228,123.586852,EXTRACTION
299-W22-92,200-UP,567167.84,134029.77,UU/MU,SGW-38815,205.558,132.43648,118.708288,125.572384,EXTRACTION
299-W22-93,200-UP,566949.07,134485.98,UU/MU,SGW-38815,206.887,132.314632,121.646632,126.980632,MONITORING
299-W22-94,200-UP,567009.82,134429.75,UU/MU,SGW-38815,207.291,133.17888,122.501736,127.840308,MONITORING
299-W22-95,200-UP,567170.54,134549.11,UU/MU,SGW-38815,208.264,132.067048,119.865904,125.966476,MONITORING
299-W22-96,200-UP,567351.93,134145.58,UU/MU,SGW-38815,208.501,133.724416,124.580416,129.152416,MONITORING
299-W22-113,200-UP,566904.52,134192.75,UU/MU,SGW-38815,204.04,132.74728,123.5728,128.16004,MONITORING
299-W22-114,200-UP,567726.31,134048.07,UU/MU,SGW-38815,207.597,131.375664,120.704616,126.04014,MONITORING
299-W22-115,200-UP,566939.39,134292.43,UU/MU,SGW-38815,203.607,133.253064,122.57592,127.914492,MONITORING
299-W22-116,200-UP,566900.5,134139.92,UU/MU,SGW-38815,204.166,132.541048,121.866952,127.204,MONITORING
299-W22-123,200-UP,567593.02,133914,UU/MU,CP-67635,207.995,131.709656,122.562608,127.136132,MONITORING
299-W22-125,200-UP,567028.506,134253.724,UU/MU,CP-67635,205,132,122,127,MONITORING
299-W23-15,200-UP,566794,134127,UU/MU,ECF-200ZP1-22-0098,199.8,143.2,132,137.6,MONITORING
299-W23-19,200-UP,566759.115,134166.653,UU/MU,ECF-200ZP1-22-0098,202.49,138.280832,128.94176,133.611296,MONITORING
299-W23-20,200-UP,566717.669,134446.189,UU/MU,SGW-38815,203.102,137.4176,126.7496,132.0836,MONITORING
299-W23-21,200-UP,566707.737,134293.994,UU/MU,SGW-38815,202.584,137.789616,126.478488,132.134052,MONITORING
299-W23-236,200-UP,566798.66,134128.15,UU/MU,ECF-200ZP1-22-0098,199.89,132.907152,122.236104,127.571628,MONITORING
299-W23-4,200-UP,566628.216,134391.881,UU/MU,ECF-200ZP1-22-0098,202.999,148.135,127.34764,137.74132,MONITORING
299-W26-13,200-UP,566424.387,133293.598,UU/MU,SGW-38815,199.037,137.40644,126.70796,132.0572,MONITORING
299-W26-14,200-UP,566682.69,133539.21,UU/MU,SGW-38815,204.675,136.591824,125.923824,131.257824,MONITORING
299-W26-15,200-UP,566575.83,133391.21,UU/MU,CP-67635,201.722,134.687336,127.049048,130.868192,MONITORING
299-W26-16,200-UP,566324.31,133233.15,UU/MU,CP-67635,198.779,135.087992,127.458848,131.27342,MONITORING
299-W27-2,200-UP,566908.267,133670.351,LU/CR,SGW-38815,206.487,82.695528,79.610952,81.15324,MONITORING
299-W27-3,200-UP,566923.55,133756.88,UU/MU,CP-67635,205.394,133.479488,125.844248,129.661868,MONITORING
299-W5-1,200-ZP,568329.73,137321.21,UU/MU,SGW-38815,221.696,128.783816,83.018096,105.900956,EXTRACTION
299-W5-2P,200-ZP,568175.4,137621.12,UU/MU,ECF-200ZP1-22-0098,217.115,112.071776,105.96968,109.020728,MONITORING
299-W5-2Q,200-ZP,568175.4,137621.12,LU/CR,ECF-200ZP1-22-0098,217.115,93.77768,87.562808,90.670244,MONITORING
299-W6-11,200-ZP,567163,137635,UU/MU,ECF-200ZP1-22-0098,214.4,137.9,131.8,134.9,MONITORING
299-W6-12,200-ZP,566916,137635,UU/MU,ECF-200ZP1-22-0098,211.2,137.4,132.8,135.1,MONITORING
299-W6-15,200-ZP,567781.69,137076.41,UU/MU,SGW-38815,220.952,126.470096,77.705144,102.08762,EXTRACTION
299-W6-17,200-ZP,567767.41,137473.37,LU/CR,ECF-200ZP1-22-0098,220.564,92.60896,86.49772,89.55334,MONITORING
299-W6-3,200-ZP,567118.18,137299.13,LU/CR,SGW-38815,213.355,88.52416,85.39996,86.96206,MONITORING
299-W6-6,200-ZP,567318.74,137638.72,LU/CR,SGW-38815,216.504,88.91472,85.65336,87.28404,MONITORING
299-W7-3,200-ZP,566292.031,137638.641,LU/CR,SGW-38815,206.451,69.5958,63.195,66.3954,MONITORING
299-W7-4,200-ZP,566408.771,137308.243,UU/MU,SGW-38815,205.018,143.1436,133.9996,138.5716,MONITORING
299-W7-15,200-ZP,566772.11,137635.28,UU/MU,CP-67635,209.84,133.643048,126.02,129.831524,MONITORING
299-W7-16,200-ZP,566085.14,137265.57,UU/MU,CP-67635,209.927,137.0798,129.450656,133.265228,MONITORING
299-W8-1,200-ZP,565749,137647,UU/MU,ECF-200ZP1-22-0098,214.3,142.3,136.1,139.2,MONITORING
299-W9-2,200-ZP,565742.21,136872.84,UU/MU,SGW-38815,223.765,136.991488,126.33568,131.663584,MONITORING
699-17-70,200-UP,568572,128636,-,ECF-200ZP1-22-0098,172.7,Perforated casing 70-130 ft and 130-170 ft,,,MONITORING
699-19-88,200-UP,563131.105,129413.881,UU/MU,SGW-38815,197.405,176,146,161,MONITORING
699-25-70,200-UP,568544.855,131171.718,UU/MU,SGW-38815,192.966,140,59,99,MONITORING
699-25-80,200-UP,565676,131106,-,ECF-200ZP1-22-0098,188.6,Casing and open hole cement grouted in 1988-89,,,MONITORING
699-26-89,200-UP,562778.695,131375.105,UU/MU,SGW-38815,199.716,149,124,136,MONITORING
699-27-68,200-UP,569324.76,131676.43,UU/MU,ECF-200ZP1-22-0098,196.635,131.288928,109.94988,120.619404,MONITORING
699-29-66,200-UP,570053.53,132336.94,UU/MU,ECF-200ZP1-22-0098,206.024,107.082872,100.986872,104.034872,MONITORING
699-30-57,200-PO,572394,132771,UU/MU,ECF-200ZP1-22-0098,211.4,124.5,113.8,119.2,MONITORING
699-30-63,200-UP,570716.9,132674.86,UU/MU,SGW-38815,211.747,128.661568,92.21968,110.440624,MONITORING
699-30-66,200-UP,569990.98,132739.19,LU/CR,SGW-38815,209.703,92.355,89.307,90.831,MONITORING
699-30-70,200-UP,568428.93,132581.66,UU/MU,SGW-38815,198.211,131.155,91.521856,111.338428,MONITORING
699-30-73,200-UP,567781.9,132789.76,UU/MU,SGW-38815,201.275,131.448368,120.554816,126.001592,MONITORING
699-31-68,200-UP,569598,133080.6,UU/MU,SGW-38815,210.423,129.9558,119.284752,124.620276,MONITORING
699-32-59,200-UP,571800.08,133400.32,UU/MU,SGW-38815,217.571,124.963616,94.471424,109.71752,MONITORING
699-32-62,200-UP,571009.564,133215.925,UU/MU,SGW-38815,216.562,105.31,64.162,84.736,MONITORING
699-32-62P,200-UP,571010,133216,LU/CR,ECF-200ZP1-22-0098,216,66.6,63.6,65.1,MONITORING
699-32-64,200-UP,570451.01,133304.04,UU/MU,SGW-38815,214.659,128.574336,95.043288,111.808812,MONITORING
699-32-70B,200-UP,568461.999,133242.245,UU/MU,SGW-38815,204.204,141,104,122,MONITORING
699-32-72A,200-UP,567942.676,133362.612,UU/MU,SGW-38815,204.661,64.453,59.881,62.167,MONITORING
699-32-72B,200-UP,567935,133362,UU/MU,ECF-200ZP1-22-0098,204.4,139,129.7,134.4,MONITORING
699-32-76,200-UP,566683.94,133137.73,UU/MU,SGW-38815,203.969,134.7794,124.1114,129.4454,MONITORING
699-32-77B,200-UP,566402.07,133172.13,UU/MU,CP-67635,199.594,134.705128,127.057696,130.881412,MONITORING
699-33-56,200-PO,572923,133627,UU/MU,ECF-200ZP1-22-0098,219.1,123.1,94.5,108.8,MONITORING
699-33-74,200-UP,567472.65,133552.16,UU/MU,SGW-38815,205.369,134.3506,123.6826,129.0166,MONITORING
699-33-75,200-UP,566907.78,133662.48,UU/MU,SGW-38815,206.604,134.976,124.308,129.642,MONITORING
699-33-76,200-UP,566621.21,133600.43,UU/MU,SGW-38815,203.202,135.5364,124.8684,130.2024,MONITORING
699-34-61,200-UP,571395.863,133809.862,UU/MU,SGW-38815,220.92,128.47416,122.37816,125.42616,MONITORING
699-34-72,200-UP,567859.97,133785.33,UU/MU,SGW-38815,205.269,133.729392,123.058344,128.393868,MONITORING
699-34-88,200-UP,563012,133950,UU/MU,ECF-200ZP1-22-0098,193.5,146,135,140.5,MONITORING
699-35-59,200-UP,571956,134096,UU/MU,ECF-200ZP1-22-0098,221.5,127,114.8,120.9,MONITORING
699-35-66A,200-UP,569857.861,134099.244,UU/MU,SGW-38815,222.452,143.204,128.345,135.7745,MONITORING
699-35-70,200-UP,568566,133988,UU/MU,ECF-200ZP1-22-0098,212.3,141.3,135.2,138.3,MONITORING
699-35-70C,200-UP,568458.619,134298.706,UU/MU,CP-67635,215.308,131.795848,122.639656,127.217752,MONITORING
699-35-78A,200-UP,566063.586,134271.27,UU/MU,SGW-38815,201.969,147.105,131.865,139.485,MONITORING
699-36-61A,200-UP,571395.472,134557.106,UU/MU,SGW-38815,229.031,128.447,120.967208,124.707104,MONITORING
699-36-63B,200-UP,570683.53,134228.69,UU/MU,ECF-200ZP1-22-0098,228.05,138.191912,104.639528,121.41572,MONITORING
699-36-65,200-UP,570034.24,134468.75,UU/MU,ECF-200ZP1-22-0098,224.068,128.644264,121.027312,124.835788,MONITORING
699-36-66B,200-UP,569731,134469,UU/MU,ECF-200ZP1-22-0098,220.5,130.9,120.2,125.5,MONITORING
699-36-70A,200-UP,568466.679,134308.839,UU/MU,SGW-38815,215.227,136.747096,127.523848,132.135472,MONITORING
699-36-70B,200-UP,568427.79,134625.98,UU/MU,SGW-38815,214.492,133.97908,123.317176,128.648128,MONITORING
699-37-66,200-UP,569730.32,134797.15,UU/MU,SGW-38815,221.197,130.494616,119.823568,125.159092,MONITORING
699-37-67,200-UP,569520.26,134957.52,UU/MU,ECF-200ZP1-22-0098,226.153,129.549688,121.94188,125.745784,MONITORING
699-38-61,200-UP,571219.097,134997.282,UU/MU,SGW-38815,227.261,125.42732,119.33132,122.37932,MONITORING
699-38-64B,200-UP,569900.22,135319.93,UU/MU,ECF-200ZP1-22-0098,229.157,139.055072,108.572024,123.813548,MONITORING
699-38-65,200-UP,570090.185,135039.847,UU/MU,SGW-38815,230.709,163.653,126.839256,145.246128,MONITORING
699-38-68A,200-UP,569180,134932,UU/MU,ECF-200ZP1-22-0098,218.2,136.6,127.5,132,MONITORING
699-38-70,200-UP,568501,135089,UU/MU,ECF-200ZP1-22-0098,217.2,139.5,132.4,135.9,MONITORING
699-38-70B,200-UP,568469.1,135331.04,UU/MU,SGW-38815,221.821,97.85884,93.280744,95.569792,MONITORING
699-38-70C,200-UP,569084.11,135325.58,LU/CR,SGW-38815,225.933,105.329736,100.75164,103.040688,MONITORING
699-39-68,200-UP,569077.9,135332.77,UU/MU,SGW-38815,225.86,134.810144,89.090144,111.950144,MONITORING
699-39-79,200-UP,565891,135412,UU/MU,ECF-200ZP1-22-0098,206.1,146.6,134.7,140.7,MONITORING
699-40-62,200-UP,571164.26,135764.42,UU/MU,SGW-38815,228.943,126.835,117.72148,122.27824,MONITORING
699-40-65,200-UP,570057.48,135881.16,UU/MU,SGW-38815,230.335,129.467536,118.79344,124.130488,MONITORING
699-40-70A,200-ZP,567986.853,137401.816,LU/CR,CP-67635,219.466,126.25816,77.477968,101.868064,EXTRACTION
699-43-69,200-ZP,568967.03,136488.48,UU/MU,ECF-200ZP1-22-0098,226.535,104.55404,93.88604,99.22004,MONITORING
699-43-89,200-ZP,562917,136620,UU/MU,ECF-200ZP1-22-0098,197,143.7,121.8,132.7,MONITORING
699-44-64,200-ZP,570390.65,136897.43,UU/MU,ECF-200ZP1-22-0098,222.203,125.8862,115.391936,120.639068,MONITORING
699-44-70B,200-ZP,568670.06,136810.37,LU/CR,ECF-200ZP1-22-0098,224.764,102.770848,96.665704,99.718276,MONITORING
699-44-70C,200-ZP,568659.403,136809.374,UU/MU,CP-67635,224.515,124.119976,118.023976,121.071976,MONITORING
699-45-65,200-ZP,570000.82,137403.78,LU/CR,CP-67635,217.2,110.526096,101.382096,105.954096,MONITORING
699-45-67C,200-ZP,569431.19,137131.75,LU/CR,CP-67635,222.025,105.905344,99.809344,102.857344,MONITORING
699-45-69A,200-ZP,568729,137183,UU/MU,ECF-200ZP1-22-0098,221.8,137.3,125.5,131.9,MONITORING
699-45-69C,200-ZP,568947.12,137233.81,LU/CR,CP-67635,221.673,109.8114,105.2394,107.5254,MONITORING
699-46-61,200-ZP,571431.17,137442.38,UU/MU,SGW-38815,211.175,121.582088,115.394648,118.488368,MONITORING
699-46-61B,200-ZP,571445.857,137435.061,LU/CR,CP-67635,211.34,113.843624,107.744576,110.7941,MONITORING
699-46-70,200-ZP,568697.17,137656.02,LU/CR,CP-67635,217.378,101.554,95.454952,98.504476,MONITORING
699-47-60,200-ZP,571474.38,137968.732,UU/MU,SGW-38815,198.805,127.177,116.99668,122.08684,MONITORING
699-47-80AP,200-ZP,565562,137693,LU/CR,ECF-200ZP1-22-0098,713.5,10.5,3.8,7.2,MONITORING
699-47-80AQ,200-ZP,565562,137693,LU/CR,ECF-200ZP1-22-0098,713.5,64.1,61.1,62.6,MONITORING
699-48-70,200-ZP,568501.64,138200.91,LU/CR,CP-67635,208.248,128.856744,98.373696,113.61522,EXTRACTION
699-48-71,200-ZP,568387.914,138056.941,UU/MU,SGW-38815,210.864,138.0168,125.15424,131.58552,MONITORING
699-48-77C,200-ZP,566468.954,138086.801,UU/MU,SGW-38815,205.864,117.472,111.376,114.424,MONITORING
699-48-77D,200-ZP,566433,138119,UU/MU,ECF-200ZP1-22-0098,205.7,140.3,134.2,137.2,MONITORING
699-48-96,200-ZP,560516.991,138355.269,UU/MU,SGW-38815,245.118,156.726,46.998,101.862,MONITORING
699-49-100C,200-ZP,559303.736,138503.233,UU/MU,ECF-200ZP1-22-0098,242.176,151,142,146,MONITORING
699-49-79,200-ZP,565771.123,138271.108,UU/MU,SGW-38815,210.749,142.169,125.7098,133.9394,MONITORING
699-50-74,200-ZP,567359.52,138646.73,UU/MU,SGW-38815,200.649,132.574968,121.90392,127.239444,MONITORING
699-51-63,200-ZP,570664.4,139148.408,UU/MU,ECF-200ZP1-22-0098,175.302,127.4484,119.5236,123.486,MONITORING
699-51-75,200-ZP,566978.076,138906.286,UU/MU,ECF-200ZP1-22-0098,196.561,83.785,82.261,83.023,MONITORING
699-51-75P,200-ZP,566978.076,138906.286,LU/CR,ECF-200ZP1-22-0098,196.558,83.782,82.258,83.02,MONITORING
699-55-76,200-ZP,566723.421,140225.816,UU/MU,SGW-38815,178.727,136,111,124,MONITORING
