Well_Name,GWIA,EASTING,NORTHING,Coordinate_Source,Elevation_m,TOS_m,BOS_m,MOS_m,Source_Elevation_Source,Top_of_RLM_m,Top_of_Rwia_m,Top_of_Basalt_m,HSU_Assignment,Misc_Notes,Flag_to_Check
299-W10-14,200-ZP-1,566663,136735,HEIS Database,206.7,148.8,124.4,136.6,HEIS Database,84.1,75.7,57.7,UU/MU,None,FALSE
299-W10-14,200-ZP-1,566017,136609,HEIS Database,213.6,83.4,77.3,80.4,HEIS Database,77.2,61.2,49,UU/MU,None,FALSE
299-W10-23,200-ZP-1,566824,136815,HEIS Database,206.7,137.9,127.2,132.5,HEIS Database,85.7,80.8,59.6,UU/MU,None,FALSE
299-W10-24,200-ZP-1,566885,136799,HEIS Database,209,138,127.3,132.6,HEIS Database,85.5,82.1,59.8,UU/MU,None,FALSE
299-W10-26,200-ZP-1,566843,136401,HEIS Database,204.7,138.5,127.8,133.2,HEIS Database,82.6,73.1,57.3,UU/MU,None,FALSE
299-W10-27,200-ZP-1,566844,136442,HEIS Database,204.9,137.5,126.9,132.2,HEIS Database,83.2,73.9,57.6,UU/MU,None,FALSE
299-W10-28,200-ZP-1,566702,136710,HEIS Database,206.1,137.5,126.8,132.1,HEIS Database,84.4,76.2,57.9,UU/MU,None,FALSE
299-W10-29,200-ZP-1,566083,136829,HEIS Database,211.6,136.9,126.3,131.6,HEIS Database,76.4,63.5,52.5,UU/MU,None,FALSE
299-W10-30,200-ZP-1,566083,136739,HEIS Database,210.9,137,126.3,131.7,HEIS Database,77,63,51.5,UU/MU,None,FALSE
299-W10-31,200-ZP-1,566266,136968,HEIS Database,209.7,136.5,125.8,131.2,HEIS Database,78.6,69.4,56.4,UU/MU,None,FALSE
299-W10-33,200-ZP-1,566773,136610,HEIS Database,205.2,86.3,80.2,83.3,HEIS Database,84.7,76,57.7,LU/CR,None,FALSE
299-W11-13,200-ZP-1,567099,136424,HEIS Database,211.3,144.8,125.2,135,HEIS Database,77.7,72.8,60.4,UU/MU,None,FALSE
299-W11-14,200-ZP-1,567458,136914,HEIS Database,219,142.8,123.6,133.2,HEIS Database,-9999,86.5,65.4,UU/MU,None,FALSE
299-W11-18, 200-ZP-1,567182,137161,HEIS Database,215.7,146.5,125.8,136.2,HEIS Database,-9999,86.7,67,UU/MU,None,FALSE
299-W11-22,200-ZP-1,567269,136673,HEIS Database,215.7,139.5,128.6,134.1,"Well Log-
299_W11_22
_NA_[W0034
135].pdf",-9999,79.7,60.6,UU/MU,None,FALSE
299-W11-26,200-ZP-1,567045,136564,HEIS Database,213.1,,,,"Well Log-299-W11-26_NA_[N07
374807].pdf",85.5,80.7,59.4,-,"Log reports no perforation or screened interval;
candidate for decommissioning;",TRUE
299-W11-33Q,200-ZP-1,567185,136844,HEIS Database,216.3,127.4,126.5,126.9,HEIS Database,-9999,85.8,62.2,UU/MU,None,FALSE
299-W11-39,200-ZP-1,566908,136780,HEIS Database,209.9,137.2,126.5,131.8,HEIS Database,85.4,82.5,59.8,UU/MU,None,FALSE
299-W11-40,200-ZP-1,566927,136710,HEIS Database,209.7,137.1,126.4,131.8,HEIS Database,85.5,81.8,59.4,UU/MU,None,FALSE
299-W11-41,200-ZP-1,566936,136678,HEIS Database,209.7,137.5,126.9,132.2,HEIS Database,85.5,81.3,59.2,UU/MU,None,FALSE
299-W11-42,200-ZP-1,566920,136746,HEIS Database,210.2,138,127.3,132.7,HEIS Database,85.4,82.3,59.6,UU/MU,None,FALSE
299-W11-43,200-ZP-1,567270,136971,HEIS Database,216.7,87.3,82.7,85,HEIS Database,-9999,88.7,64.7,LU/CR,None,FALSE
299-W11-45,200-ZP-1,566993,136776,HEIS Database,212.9,127.1,122.7,124.9,HEIS Database,-9999,83.8,60.2,UU/MU,None,FALSE
299-W11-46,200-ZP-1,566915,136773,HEIS Database,210.1,129.8,123.7,126.8,HEIS Database,85.4,82.6,59.8,UU/MU,None,FALSE
299-W11-47,200-ZP-1,566934,136681,HEIS Database,209.7,126.1,116.8,121.4,HEIS Database,85.5,81.4,59.2,UU/MU,None,FALSE
299-W11-48,200-ZP-1,566882,136846,HEIS Database,208.9,124.3,96.9,110.6,HEIS Database,85.6,82.5,60.3,UU/MU,None,FALSE
299-W11-49,200-ZP-1,567362,135925,HEIS Database,216,136.8,88,112.4,HEIS Database,83.3,73.6,55.6,UU/MU,None,FALSE
299-W11-50,200-ZP-1,566966,136757,HEIS Database,212.3,129.8,84.1,107,HEIS Database,-9999,83.5,59.9,UU/MU,None,FALSE
299-W11-87,200-ZP-1,568141,136609,HEIS Database,222.8,106.5,101.9,104.2,HEIS Database,-9999,90.2,71,UU/MU,None,FALSE
299-W11-88,200-ZP-1,567875,137113,HEIS Database,221.1,85.5,73.3,79.4,HEIS Database,-9999,89.2,72.2,LU/CR,None,FALSE
299-W11-90,200-ZP-1,567307,136520,HEIS Database,218.1,136,64.4,100.2,HEIS Database,-9999,67.6,59.9,UU/MU,None,FALSE
299-W11-92,200-ZP-1,566693,136352,HEIS Database,204.6,128.4,84.2,106.3,HEIS Database,81.5,69,54.9,UU/MU,None,FALSE
299-W11-96,200-ZP-1,567775,136772,HEIS Database,220.7,130.9,79.1,105,HEIS Database,-9999,86.1,66.8,UU/MU,None,FALSE
299-W12-2,200-ZP-1,568313,136610,HEIS Database,223.5,126.9,76.6,101.7,HEIS Database,-9999,93.2,70.7,UU/MU,None,FALSE
299-W12-3,200-ZP-1,568322,136998,HEIS Database,224.2,129.7,76.4,103,HEIS Database,-9999,97.3,72.4,UU/MU,None,FALSE
299-W12-4,200-ZP-1,568327,136364,HEIS Database,223.5,114.1,71.5,92.8,HEIS Database,-9999,92.4,67.1,UU/MU,None,FALSE
299-W13-1,200-ZP-1,568149,136049,HEIS Database,222.8,103.7,93,98.3,HEIS Database,-9999,92.4,62,UU/MU,None,FALSE
299-W13-2P,200-UP-1,568833,135819,HEIS Database,225.5,128.6,122.5,125.5,HEIS Database,101.9,98.5,60.8,UU/MU,None,FALSE
299-W13-2Q,200-UP-1,568833,135819,HEIS Database,225.5,110.3,104.2,107.2,HEIS Database,101.9,98.5,60.8,UU/MU,None,FALSE
299-W14-11,200-ZP-1,566902,136288,HEIS Database,204.4,124.6,121.6,123.1,HEIS Database,81,72,57,UU/MU,None,FALSE
299-W14-13,200-ZP-1,566902,136282,HEIS Database,204.3,138.3,127.6,133,HEIS Database,81,71.9,56.9,UU/MU,None,FALSE
299-W14-14,200-ZP-1,566898,136181,HEIS Database,204.6,138.5,127.8,133.1,HEIS Database,81.2,70.5,55.5,UU/MU,None,FALSE
299-W14-15,200-ZP-1,566900,136231,HEIS Database,204.6,137.6,127,132.3,HEIS Database,81,71.2,56.2,UU/MU,None,FALSE
299-W14-16,200-ZP-1,567001,136318,HEIS Database,205.4,137.4,126.8,132.1,HEIS Database,79.9,72.5,58.7,UU/MU,None,FALSE
299-W14-17,200-ZP-1,567007,136218,HEIS Database,205.1,137.4,126.8,132.1,HEIS Database,79.9,71.3,57.4,UU/MU,None,FALSE
299-W14-18,200-ZP-1,566897,136344,HEIS Database,204.3,137.8,127.1,132.5,HEIS Database,81.5,72.7,57.5,UU/MU,None,FALSE
299-W14-19,200-ZP-1,566899,136135,HEIS Database,204.9,136.8,126.1,131.4,HEIS Database,81.2,70,54.8,UU/MU,None,FALSE
299-W14-20,200-ZP-1,566909,136284,HEIS Database,204.4,129.8,81,105.4,HEIS Database,81,72,57,UU/MU,None,FALSE
299-W14-21,200-ZP-1,567722,135890,HEIS Database,219.3,124.8,62.3,93.6,HEIS Database,-9999,80.7,58.1,UU/MU,None,FALSE
299-W14-22,200-ZP-1,568325,136117,HEIS Database,223.6,126.4,68.5,97.5,HEIS Database,-9999,98.3,62.7,LU/CR,None,FALSE
299-W14-71,200-UP-1,567733,135568,HEIS Database,218.6,93.5,88.9,91.2,HEIS Database,85.6,76.2,52.5,UU/MU,None,FALSE
299-W14-72,200-ZP-1,567328,135941,HEIS Database,215.7,89.5,84.9,87.2,HEIS Database,83,73.1,55.7,UU/MU,None,FALSE
299-W14-73,200-ZP-1,567359,136205,HEIS Database,216.7,128.1,67.1,97.6,HEIS Database,-9999,70.7,59.1,UU/MU,None,FALSE
299-W14-74,200-ZP-1,567781,136381,HEIS Database,221.4,127,70.6,98.8,HEIS Database,-9999,80.2,63.7,UU/MU,None,FALSE
299-W15-1,200-ZP-1,566554,135943,HEIS Database,206.4,136.1,124,130,HEIS Database,77.9,62.9,48.2,UU/MU,None,FALSE
299-W15-11,200-ZP-1,566412,136001,HEIS Database,207.4,151.6,116.8,134.2,HEIS Database,77.2,61.9,47.5,UU/MU,None,FALSE
299-W15-152,200-ZP-1,566309,135550,HEIS Database,209.4,137.5,126.8,132.1,HEIS Database,73.4,58.6,41,UU/MU,None,FALSE
299-W15-17,200-ZP-1,566307,135719,HEIS Database,209.2,80.5,77.4,78.9,HEIS Database,74.6,59.4,43.1,UU/MU,None,FALSE
299-W15-224,200-ZP-1,566308,135926,HEIS Database,208.3,136.5,125.9,131.2,HEIS Database,76,60.5,45.5,UU/MU,None,FALSE
299-W15-225,200-ZP-1,566657,136109,HEIS Database,204.8,130.2,81.4,105.8,HEIS Database,79.9,65.8,51.5,UU/MU,None,FALSE
299-W15-3,200-ZP-1,566729,136371,HEIS Database,205.2,144.3,133.3,138.8,HEIS Database,81.9,70,55.5,UU/MU,None,FALSE
299-W15-30,200-ZP-1,566305,135749,HEIS Database,209.3,142.8,130.6,136.7,HEIS Database,74.8,59.5,43.5,UU/MU,None,FALSE
299-W15-31A,200-ZP-1,566377,135856,HEIS Database,207.7,142.9,130.7,136.8,HEIS Database,75.9,60.6,45.4,UU/MU,None,FALSE
299-W15-33,200-ZP-1,566433,135967,HEIS Database,206.8,134,126.4,130.2,HEIS Database,77.1,61.9,47.3,UU/MU,None,FALSE
299-W15-34,200-ZP-1,566613,135960,HEIS Database,204.9,140.7,125.5,133.1,HEIS Database,78.5,63.9,49,UU/MU,None,FALSE
299-W15-36,200-ZP-1,566774,135430,HEIS Database,203.9,139.6,124.6,132.1,HEIS Database,73,58.9,42.5,UU/MU,None,FALSE
299-W15-37,200-UP-1,566716,135248,HEIS Database,203,140.3,125.1,132.7,HEIS Database,70.7,58.5,40.2,UU/MU,None,FALSE
299-W15-40,200-ZP-1,566653,136205,HEIS Database,205.1,138.6,127.9,133.3,HEIS Database,80.4,66.6,52.8,UU/MU,None,FALSE
299-W15-42,200-ZP-1,566582,135627,HEIS Database,206.5,137,121.8,129.4,HEIS Database,75.3,59.6,44,UU/MU,None,FALSE
299-W15-43,200-ZP-1,566490,136210,HEIS Database,206.8,137.8,127.1,132.4,HEIS Database,79.4,64.5,50.9,UU/MU,None,FALSE
299-W15-44,200-ZP-1,566685,136066,HEIS Database,204.2,138.3,127.6,132.9,HEIS Database,79.8,65.8,51.3,UU/MU,None,FALSE
299-W15-46,200-ZP-1,566752,135587,HEIS Database,203.5,139.6,115.2,127.4,HEIS Database,75.9,59.7,44.4,UU/MU,None,FALSE
299-W15-47,200-ZP-1,566776,135642,HEIS Database,202.7,136.1,117.8,127,HEIS Database,76.7,61.4,45.1,UU/MU,None,FALSE
299-W15-49,200-ZP-1,566307,135973,HEIS Database,208.4,136.5,125.9,131.2,HEIS Database,76.3,60.7,46.1,UU/MU,None,FALSE
299-W15-50,200-ZP-1,566793,135791,HEIS Database,202.5,128.3,117.6,123,HEIS Database,78.5,64.5,47.7,UU/MU,None,FALSE
299-W15-7,200-ZP-1,566676,135920,HEIS Database,203.4,147.9,109.4,128.7,HEIS Database,78.7,64.3,49,UU/MU,None,FALSE
299-W15-763,200-ZP-1,566809,136029,HEIS Database,202.2,137.6,126.9,132.3,HEIS Database,80.5,67.5,52.1,UU/MU,None,FALSE
299-W15-765,200-ZP-1,566697,136373,HEIS Database,204.5,137.4,126.8,132.1,HEIS Database,81.7,69.5,55.2,UU/MU,None,FALSE
299-W15-83,200-ZP-1,566305,135826,HEIS Database,209,137.3,126.7,132,HEIS Database,75.3,59.9,44.4,UU/MU,None,FALSE
299-W15-94,200-ZP-1,566308,135640,HEIS Database,209.4,137.4,126.8,132.1,HEIS Database,74,59,42.2,UU/MU,None,FALSE
299-W17-1,200-ZP-1,565311,135039,HEIS Database,198.4,139.4,128.7,134.1,HEIS Database,69.3,47.9,21,UU/MU,None,FALSE
299-W17-2,200-ZP-1,566952,135806,HEIS Database,204.5,135.9,84.1,110,HEIS Database,79.9,68.3,49.6,UU/MU,None,FALSE
299-W17-3,200-UP-1,566926,135325,HEIS Database,206.1,137.6,75.1,106.3,HEIS Database,71.7,60.5,42,UU/MU,None,FALSE
299-W18-1,200-ZP-1,566422,135465,HEIS Database,208.3,148.8,97.3,123.1,HEIS Database,72.9,58.5,40.9,UU/MU,None,FALSE
299-W18-15,200-UP-1,566380,134733,HEIS Database,201.8,150,128.7,139.3,HEIS Database,69.5,54.7,32,UU/MU,None,FALSE
299-W18-16,200-ZP-1,566605,135426,HEIS Database,207.9,136.4,125.8,131.1,HEIS Database,72.8,58.3,41.6,UU/MU,None,FALSE
299-W18-21,200-UP-1,566098,134979,HEIS Database,204.3,144.7,135.5,140.1,HEIS Database,69.6,58.1,31.6,UU/MU,None,FALSE
299-W18-22,200-UP-1,566089,134990,HEIS Database,204.2,77.3,67.9,72.6,HEIS Database,69.8,58.2,31.6,UU/MU,None,FALSE
299-W18-260,200-UP-1,566863,135197,HEIS Database,205.1,132,122.8,127.4,HEIS Database,70.5,59.4,40.6,UU/MU,None,FALSE
299-W18-40 ,200-UP-1,566723,134996,HEIS Database,202.7,136.2,125.5,130.9,HEIS Database,69.4,57.9,37.8,UU/MU,None,FALSE
299-W18-6,200-ZP-1,566513,135413,HEIS Database,208.1,208.1,162.7290545,117.3581089,"Well Log- 299- WIS- 6-
NA_[W00288
82].pdf",72.5,58.3,40.8,-,"No screened interval; perforated casing 0-85,
100-115, and 190-298 ft",TRUE
299-W18-7,200-ZP-1,566581,135410,HEIS Database,207.1,147.3,141.2,144.3,HEIS Database,72.6,58.3,41.3,UU/MU,None,FALSE
299-W19-101,200-UP-1,567939,135014,HEIS Database,213.4,134.1,123.5,128.8,HEIS Database,81.9,71.4,43.7,UU/MU,None,FALSE
299-W19-105,200-UP-1,567565,134745,HEIS Database,213,135.2,124.5,129.8,HEIS Database,74.8,63.1,41.1,UU/MU,None,FALSE
299-W19-107,200-UP-1,567998,135206,HEIS Database,216.7,122,117.4,119.7,HEIS Database,83.1,74.8,47.3,UU/MU,None,FALSE
299-W19-113,200-UP-1,567690,135008,HEIS Database,214.5,127.4,104.5,115.9,HEIS Database,81.9,67.6,44.2,UU/MU,None,FALSE
299-W19-114,200-UP-1,567902,135013,HEIS Database,213.7,128.1,105.2,116.7,HEIS Database,82.1,70.8,43.9,UU/MU,None,FALSE
299-W19-115,200-UP-1,567372,135012,HEIS Database,213.4,129.5,118.8,124.2,HEIS Database,76.5,64,41.9,UU/MU,None,FALSE
299-W19-116,200-UP-1,568510,135090,HEIS Database,217.7,130.1,119.4,124.7,HEIS Database,81.9,80.4,39.4,UU/MU,None,FALSE
299-W19-12,200-UP-1,566897,135059,HEIS Database,205.7,141.7,129.5,135.6,HEIS Database,70.3,59.7,39.6,UU/MU,None,FALSE
299-W19-123,200-UP-1,567512,134988,HEIS Database,214.4,95.9,80.7,88.3,HEIS Database,78.2,65.1,42.7,UU/MU,None,FALSE
299-W19-125,200-UP-1,567720,135091,HEIS Database,215.6,130.9,85.5,108.2,HEIS Database,84.1,68.9,44.9,UU/MU,None,FALSE
299-W19-126,200-UP-1,567397,135101,HEIS Database,214.9,118.3,84.8,101.5,HEIS Database,78.7,65,42.5,UU/MU,None,FALSE
299-W19-131,200-UP-1,568060,135008,HEIS Database,213.1,130.1,124,127,HEIS Database,81.3,73.2,42.3,UU/MU,None,FALSE
299-W19-18,200-UP-1,567361,135012,HEIS Database,213.5,143.4,129.7,136.5,HEIS Database,76.3,63.9,41.8,UU/MU,None,FALSE
299-W19-34A,200-UP-1,567674,135012,HEIS Database,214.5,115.7,111,113.3,HEIS Database,81.9,67.4,44.2,UU/MU,None,FALSE
299-W19-34B,200-UP-1,567663,135011,HEIS Database,214.5,89,86.1,87.6,HEIS Database,81.7,67.2,44.1,UU/MU,None,FALSE
299-W19-35,200-UP-1,567992,135015,HEIS Database,212.9,139.8,130.6,135.2,HEIS Database,81.6,72.2,43.2,UU/MU,None,FALSE
299-W19-36,200-UP-1,567635,135017,HEIS Database,214.9,132.7,126.6,129.6,HEIS Database,81.3,66.9,44,UU/MU,None,FALSE
299-W19-39,200-UP-1,567902,134887,HEIS Database,210.5,139.1,123.9,131.5,HEIS Database,80,69.5,42,UU/MU,None,FALSE
299-W19-4,200-UP-1,567950,135351,HEIS Database,218.7,141,116.6,128.8,HEIS Database,83.5,76.6,51.2,UU/MU,None,FALSE
299-W19-41,200-UP-1,566897,135005,HEIS Database,205.8,138.7,128,133.4,HEIS Database,70,59.5,39.2,UU/MU,None,FALSE
299-W19-42,200-UP-1,566897,135123,HEIS Database,205.5,138.4,127.7,133,HEIS Database,70.5,59.8,40.1,UU/MU,None,FALSE
299-W19-43 ,200-UP-1,567699,135004,HEIS Database,214.4,135.9,125.2,130.5,HEIS Database,81.9,67.7,44.1,UU/MU,None,FALSE
299-W19-44,200-UP-1,566897,135042,HEIS Database,206.5,136.4,125.8,131.1,HEIS Database,70.2,59.6,39.5,UU/MU,None,FALSE
299-W19-45,200-UP-1,566898,135088,HEIS Database,205.7,137.3,126.7,132,HEIS Database,70.4,59.7,39.8,UU/MU,None,FALSE
299-W19-46,200-UP-1,567783,134842,HEIS Database,213.4,135.7,125,130.3,HEIS Database,78.7,67.2,42.2,UU/MU,None,FALSE
299-W19-47,200-UP-1,566895,135162,HEIS Database,205.6,136.3,125.7,131,HEIS Database,70.6,59.8,40.4,UU/MU,None,FALSE
299-W19-48,200-UP-1,567823,134926,HEIS Database,212.1,132.3,121.5,126.9,HEIS Database,80.7,68.7,43,UU/MU,None,FALSE
299-W19-49,200-UP-1,567568,134894,HEIS Database,213.4,134.3,123.7,129,HEIS Database,77.3,64.8,42.4,UU/MU,None,FALSE
299-W19-6,200-UP-1,567133,134694,HEIS Database,209.6,93.8,84.3,89,HEIS Database,70.4,58.2,38.5,UU/MU,None,FALSE
299-W20-1,200-UP-1,568220,135054,HEIS Database,214.8,130.1,121,125.5,HEIS Database,81.2,75.9,40.8,UU/MU,None,FALSE
299-W21-2,200-UP-1,568124,134574,HEIS Database,214.1,134.8,124.2,129.5,HEIS Database,78.1,70.2,37.5,UU/MU,None,FALSE
299-W21-3,200-UP-1,568571,133980,HEIS Database,212.8,119.9,113.8,116.8,HEIS Database,84.6,75.2,30.5,UU/MU,None,FALSE
299-W22-10,200-UP-1,567013,134215,HEIS Database,205.3,143.4,130.9,137.2,HEIS Database,66.3,43.2,31.5,UU/MU,None,FALSE
299-W22-113,200-UP-1,566905,134193,HEIS Database,204,132.7,123.6,128.2,HEIS Database,65.4,40.9,30.2,UU/MU,None,FALSE
299-W22-114,200-UP-1,567726,134048,HEIS Database,207.6,131.4,120.7,126,HEIS Database,70.2,59.1,32.4,UU/MU,None,FALSE
299-W22-115,200-UP-1,566939,134292,HEIS Database,203.6,133.3,122.6,127.9,HEIS Database,66.4,44,31.9,UU/MU,None,FALSE
299-W22-116,200-UP-1,566901,134140,HEIS Database,204.2,132.5,121.9,127.2,HEIS Database,65.3,39.9,29.5,UU/MU,None,FALSE
299-W22-20,200-UP-1,567593,133879,HEIS Database,207.1,144.6,116,130.3,HEIS Database,71.4,55.6,30.3,UU/MU,None,FALSE
299-W22-24P,200-UP-1,567648,134411,HEIS Database,211.5,40.2,38.7,39.4,HEIS Database,70.4,60.4,37.8,LU/CR,None,FALSE
299-W22-24R,200-UP-1,567648,134411,HEIS Database,211.5,79.8,78.3,79.1,HEIS Database,70.4,60.4,37.8,UU/MU,None,FALSE
299-W22-24S,200-UP-1,567648,134411,HEIS Database,211.5,98.1,96.6,97.3,HEIS Database,70.4,60.4,37.8,UU/MU,None,FALSE
299-W22-24T,200-UP-1,567648,134411,HEIS Database,211.5,116.4,114.9,115.6,HEIS Database,70.4,60.4,37.8,UU/MU,None,FALSE
299-W22-44,200-UP-1,566956,134484,HEIS Database,206.7,144.2,133,138.6,HEIS Database,68.2,50.4,34.6,UU/MU,None,FALSE
299-W22-45,200-UP-1,566945,134293,HEIS Database,203.1,142.8,131.9,137.3,HEIS Database,66.4,44.1,32,UU/MU,None,FALSE
299-W22-47,200-UP-1,566909,134076,HEIS Database,205.5,135.8,125.2,130.5,HEIS Database,66.3,39.6,28.7,UU/MU,None,FALSE
299-W22-49,200-UP-1,566904,134202,HEIS Database,203.9,137.5,132.9,135.2,HEIS Database,65.4,41.2,30.4,UU/MU,None,FALSE
299-W22-50,200-UP-1,566904,134140,HEIS Database,204.1,137.7,133.1,135.4,HEIS Database,65.3,39.9,29.5,UU/MU,None,FALSE
299-W22-69,200-UP-1,567180,134348,HEIS Database,207.3,134.7,124,129.4,HEIS Database,68.9,50,34.6,UU/MU,None,FALSE
299-W22-72,200-UP-1,567237,134207,HEIS Database,207.3,135.1,124.4,129.8,HEIS Database,68.5,48.7,33,UU/MU,None,FALSE
299-W22-79,200-UP-1,567630,134465,HEIS Database,210.9,137,126.4,131.7,HEIS Database,70.9,60.7,38.5,UU/MU,None,FALSE
299-W22-80,200-UP-1,566843,134126,HEIS Database,200,137.5,126.8,132.1,HEIS Database,65.7,39.6,28.8,UU/MU,None,FALSE
299-W22-81,200-UP-1,567000,134354,HEIS Database,205.9,136.8,126.1,131.5,HEIS Database,67.5,46.9,33.3,UU/MU,None,FALSE
299-W22-82,200-UP-1,567005,134167,HEIS Database,206.1,137.2,126.5,131.9,HEIS Database,65.9,41.8,30.7,UU/MU,None,FALSE
299-W22-83,200-UP-1,567009,134093,HEIS Database,206.3,137.4,126.7,132,HEIS Database,66.7,41.3,29.8,UU/MU,None,FALSE
299-W22-84,200-UP-1,566979,134548,HEIS Database,207.8,137.1,126.4,131.7,HEIS Database,68.8,52.6,35.6,UU/MU,None,FALSE
299-W22-85,200-UP-1,566903,134261,HEIS Database,203.7,137.5,126.9,132.2,HEIS Database,66,42.7,31.2,UU/MU,None,FALSE
299-W22-86,200-UP-1,567187,134041,HEIS Database,205.7,135.2,124.5,129.8,HEIS Database,68.9,45.7,30.4,UU/MU,None,FALSE
299-W22-87,200-UP-1,567542,134540,HEIS Database,211.3,135,124.3,129.7,HEIS Database,71.5,60.1,39.1,UU/MU,None,FALSE
299-W22-88,200-UP-1,568046,134391,HEIS Database,213.1,133.6,122.9,128.3,HEIS Database,76.1,67.6,36,UU/MU,None,FALSE
299-W22-89,200-UP-1,566907,134032,HEIS Database,205.5,135.1,124.4,129.8,HEIS Database,67.3,39.7,28.1,UU/MU,None,FALSE
299-W22-9,200-UP-1,567740,134043,HEIS Database,207.5,140.5,116.4,128.4,HEIS Database,70.4,59.4,32.3,UU/MU,None,FALSE
299-W22-90,200-UP-1,566961,134483,HEIS Database,207.1,131.6,119.4,125.5,HEIS Database,68.2,50.4,34.6,UU/MU,None,FALSE
299-W22-91,200-UP-1,566912,134135,HEIS Database,204.4,131.2,116,123.6,HEIS Database,65.4,39.9,29.5,UU/MU,None,FALSE
299-W22-92,200-UP-1,567168,134030,HEIS Database,205.6,132.4,118.7,125.6,HEIS Database,68.9,45.2,30.1,UU/MU,None,FALSE
299-W22-93,200-UP-1,566949,134486,HEIS Database,206.9,132.3,121.6,127,HEIS Database,68.2,50.3,34.6,UU/MU,None,FALSE
299-W22-94,200-UP-1,567010,134430,HEIS Database,207.3,133.2,122.5,127.8,HEIS Database,68.3,49.4,34.4,UU/MU,None,FALSE
299-W22-95,200-UP-1,567171,134549,HEIS Database,208.3,132.1,119.9,126,HEIS Database,70.8,55,37.2,UU/MU,None,FALSE
299-W22-96,200-UP-1,567352,134146,HEIS Database,208.5,133.7,124.6,129.2,HEIS Database,69,50.9,32.8,UU/MU,None,FALSE
299-W23-15,200-UP-1,566794,134127,HEIS Database,199.8,143.2,132,137.6,HEIS Database,66.5,40.1,28.4,UU/MU,None,FALSE
299-W23-19,200-UP-1,566759,134167,HEIS Database,202.5,138.5,129.1,133.8,HEIS Database,66.7,41,28.6,UU/MU,None,FALSE
299-W23-20,200-UP-1,566718,134446,HEIS Database,203.1,137.4,126.7,132.1,HEIS Database,67.8,48.4,31.9,UU/MU,None,FALSE
299-W23-21,200-UP-1,566708,134294,HEIS Database,202.6,137.8,126.5,132.1,HEIS Database,67.4,44.4,29.9,UU/MU,None,FALSE
299-W23-236,200-UP-1,566799,134128,HEIS Database,199.9,132.9,122.2,127.6,HEIS Database,66.4,40.1,28.4,UU/MU,None,FALSE
299-W23-4,200-UP-1,566628,134392,HEIS Database,202.5,147.7,127.6,137.6,HEIS Database,68.2,47.4,30.4,UU/MU,None,FALSE
299-W26-13,200-UP-1,566424,133294,HEIS Database,199,137.4,126.7,132.1,HEIS Database,72.1,41.7,17.2,UU/MU,None,FALSE
299-W26-14,200-UP-1,566683,133539,HEIS Database,204.7,136.6,125.9,131.3,HEIS Database,74.7,42,20.8,UU/MU,None,FALSE
299-W27-2,200-UP-1,566908,133670,HEIS Database,206.5,82.7,79.6,81.2,HEIS Database,76.3,42.5,23.9,UU/MU,None,FALSE
299-W5-1,200-ZP-1,568330,137321,HEIS Database,221.7,128.8,83,105.9,HEIS Database,-9999,105.6,77,UU/MU,None,FALSE
299-W5-2P,200-ZP-1,568175,137621,HEIS Database,217.1,112.1,106,109,HEIS Database,-9999,108.5,83.1,UU/MU,None,FALSE
299-W5-2Q,200-ZP-1,568175,137621,HEIS Database,217.1,93.8,87.6,90.7,HEIS Database,-9999,108.5,83.1,LU/CR,None,FALSE
299-W6-11,200-ZP-1,567163,137635,HEIS Database,214.4,137.9,131.8,134.9,HEIS Database,-9999,91.3,73.5,UU/MU,None,FALSE
299-W6-12,200-ZP-1,566916,137635,HEIS Database,211.2,137.4,132.8,135.1,HEIS Database,-9999,92.7,70.4,UU/MU,None,FALSE
299-W6-15,200-ZP-1,567782,137076,HEIS Database,221,126.5,77.7,102.1,HEIS Database,-9999,88.8,70.8,UU/MU,None,FALSE
299-W6-17,200-ZP-1,567767,137473,HEIS Database,220.6,92.6,86.5,89.6,HEIS Database,-9999,96.4,74.7,LU/CR,None,FALSE
299-W6-3,200-ZP-1,567118,137299,HEIS Database,213.4,88.5,85.4,87,HEIS Database,-9999,86.2,68.6,UU/MU,None,FALSE
299-W6-6,200-ZP-1,567319,137639,HEIS Database,216.5,88.9,85.7,87.3,HEIS Database,-9999,89.6,72.7,LU/CR,None,FALSE
299-W7-3,200-ZP-1,566292,137639,HEIS Database,206.5,69.6,63.2,66.4,HEIS Database,-9999,93.1,62,LU/CR,None,FALSE
299-W8-1,200-ZP-1,565749,137647,HEIS Database,214.3,142.3,136.1,139.2,HEIS Database,77.8,72.8,56.8,UU/MU,None,FALSE
299-W9-2,200-ZP-1,565742,136873,HEIS Database,223.8,137,126.3,131.7,HEIS Database,74.2,59.7,47.5,UU/MU,None,FALSE
699-17-70,200-UP-1,568572,128636,HEIS Database,172.7,151.36,136.12,120.88,Well Log- 699-17_70_NA_[W0022920].pdf,106.1,94.1,90.4,,Perforated casing 70-130 ft and 130-170 ft,TRUE
699-19-88,200-UP-1,563131,129414,HEIS Database,197.4,174.5,159.3,166.9,HEIS Database,-9999,-9999,91.1,UU/MU,None,FALSE
699-25-70,200-UP-1,568545,131172,HEIS Database,192.6,139.2,127.3,133.2,HEIS Database,-9999,-9999,98.8,UU/MU,None,FALSE
699-25-80,200-UP-1,565676,131106,HEIS Database,188.6,,,,Well Log- 699-25-80.pdf,-9999,-9999,155.5,,Casing and open hole cement grouted in 1988 - 89,TRUE
699-26-89,200-UP-1,562779,131375,HEIS Database,199.3,149,133,141,HEIS Database,76.4,-9999,58.2,UU/MU,None,FALSE
699-27-68,200-UP-1,569325,131676,HEIS Database,196.6,119.1,109.9,114.5,HEIS Database,95.2,83.5,41,UU/MU,None,FALSE
699-29-66,200-UP-1,570054,132337,HEIS Database,206,107.1,101,104,HEIS Database,90.2,85.4,19.3,UU/MU,None,FALSE
699-30-57,200-PO-1,572394,132771,HEIS Database,211.4,124.5,113.8,119.2,HEIS Database,86.9,72.8,8.6,UU/MU,None,FALSE
699-30-63,200-UP-1,570717,132675,HEIS Database,211.7,98.3,92.2,95.3,HEIS Database,91.7,79.8,21,UU/MU,None,FALSE
699-30-66,200-UP-1,569991,132739,HEIS Database,209.7,92.4,89.3,90.8,HEIS Database,87.6,86.4,25.5,UU/MU,None,FALSE
699-30-70,200-UP-1,568429,132582,HEIS Database,198.2,100.7,91.5,96.1,HEIS Database,80.2,73.3,27.8,UU/MU,None,FALSE
699-30-73,200-UP-1,567782,132790,HEIS Database,201.3,131.4,120.6,126,HEIS Database,78.6,61.7,28.1,UU/MU,None,FALSE
699-31-68,200-UP-1,569598,133081,HEIS Database,210.4,130,119.3,124.6,HEIS Database,94.7,90.4,29.9,UU/MU,None,FALSE
699-32-59,200-UP-1,571800,133400,HEIS Database,217.6,111.2,94.5,102.9,HEIS Database,94.7,75.6,31.6,UU/MU,None,FALSE
699-32-62,200-UP-1,571010,133216,HEIS Database,216,132.2,125.4,128.8,HEIS Database,94.3,74.4,30.6,UU/MU,None,FALSE
699-32-62P,200-UP-1,571010,133216,HEIS Database,216,66.6,63.6,65.1,HEIS Database,94.3,74.4,30.6,LU/CR,None,FALSE
699-32-64,200-UP-1,570451,133304,HEIS Database,214.7,114.9,95,105,HEIS Database,94.4,81.6,35,UU/MU,None,FALSE
699-32-70B,200-UP-1,568462,133242,HEIS Database,203.8,140.7,128.9,134.8,HEIS Database,82.9,73.7,33.9,UU/MU,None,FALSE
699-32-72A,200-UP-1,567943,133363,HEIS Database,204.1,140,92.3,116.2,HEIS Database,79.3,65,29,UU/MU,None,FALSE
699-32-72B,200-UP-1,567935,133362,HEIS Database,204.4,139,129.7,134.4,HEIS Database,79.2,64.8,29,UU/MU,None,FALSE
699-32-76,200-UP-1,566684,133138,HEIS Database,204,134.8,124.1,129.4,HEIS Database,72.7,43.1,18.8,UU/MU,None,FALSE
699-33-56,200-PO-1,572923,133627,HEIS Database,219.1,123.1,94.5,108.8,HEIS Database,93.3,76.7,35.8,UU/MU,None,FALSE
699-33-74,200-UP-1,567473,133552,HEIS Database,205.4,134.4,123.7,129,HEIS Database,74.7,53.2,26.9,UU/MU,None,FALSE
699-33-75,200-UP-1,566908,133662,HEIS Database,206.6,135,124.3,129.6,HEIS Database,76.5,42.6,23.8,UU/MU,None,FALSE
699-33-76,200-UP-1,566621,133600,HEIS Database,203.2,135.5,124.9,130.2,HEIS Database,74.1,41.7,20.8,UU/MU,None,FALSE
699-34-61,200-UP-1,571396,133810,HEIS Database,220.9,128.5,122.4,125.4,HEIS Database,99,78,41,UU/MU,None,FALSE
699-34-72,200-UP-1,567860,133785,HEIS Database,205.3,133.7,123.1,128.4,HEIS Database,74.6,61.7,29.8,UU/MU,None,FALSE
699-34-88,200-UP-1,563012,133950,HEIS Database,193.5,146,135,140.5,HEIS Database,65,36,-6.6,UU/MU,None,FALSE
699-35-59,200-UP-1,571956,134096,HEIS Database,221.5,127,114.8,120.9,HEIS Database,100.8,80.9,45.9,UU/MU,None,FALSE
699-35-66A,200-UP-1,569858,134099,HEIS Database,221.8,142.5,128,135.3,HEIS Database,100.1,86.3,46.3,UU/MU,None,FALSE
699-35-70,200-UP-1,568566,133988,HEIS Database,212.3,141.3,135.2,138.3,HEIS Database,84.6,75.2,30.6,UU/MU,None,FALSE
699-35-78A,200-UP-1,566064,134271,HEIS Database,202,147.1,131.9,139.5,HEIS Database,74.4,51.2,23.6,UU/MU,None,FALSE
699-36-61A,200-UP-1,571395,134557,HEIS Database,228.6,128,120.5,124.3,HEIS Database,106.6,83.8,59.3,UU/MU,None,FALSE
699-36-63B,200-UP-1,570684,134229,HEIS Database,228.1,113.8,104.6,109.2,HEIS Database,101.5,84.3,51.7,UU/MU,None,FALSE
699-36-65,200-UP-1,570034,134469,HEIS Database,224.1,128.6,121,124.8,HEIS Database,103.3,87.9,54.7,UU/MU,None,FALSE
699-36-66B,200-UP-1,569731,134469,HEIS Database,220.5,130.9,120.2,125.5,HEIS Database,101.4,87.7,51.4,UU/MU,None,FALSE
699-36-70A,200-UP-1,568467,134309,HEIS Database,215.2,136.7,127.5,132.1,HEIS Database,83.2,74.4,34.5,UU/MU,None,FALSE
699-36-70B,200-UP-1,568428,134626,HEIS Database,214.5,134,123.3,128.6,HEIS Database,81.9,75.4,37.8,UU/MU,None,FALSE
699-37-66,200-UP-1,569730,134797,HEIS Database,221.2,130.5,119.8,125.2,HEIS Database,104,90.2,57.5,UU/MU,None,FALSE
699-37-67,200-UP-1,569520,134958,HEIS Database,226.2,129.5,121.9,125.7,HEIS Database,103.3,91.4,56.3,UU/MU,None,FALSE
699-38-61,200-UP-1,571219,134997,HEIS Database,227.3,125.4,119.3,122.4,HEIS Database,109.8,92.3,67.7,UU/MU,None,FALSE
699-38-64B,200-UP-1,569900,135320,HEIS Database,229.2,139.1,108.6,123.8,HEIS Database,110.7,97.9,68.6,UU/MU,None,FALSE
699-38-65,200-UP-1,570090,135040,HEIS Database,230,163,126.2,144.6,HEIS Database,109.1,93,68.2,UU/MU,None,FALSE
699-38-68A,200-UP-1,569180,134932,HEIS Database,218.2,136.6,127.5,132,HEIS Database,97.7,88.5,48.7,UU/MU,None,FALSE
699-38-70,200-UP-1,568501,135089,HEIS Database,217.2,139.5,132.4,135.9,HEIS Database,81.8,80.2,39.3,UU/MU,None,FALSE
699-38-70B,200-UP-1,568469,135331,HEIS Database,221.8,97.9,93.3,95.6,HEIS Database,85.3,82.9,49.3,UU/MU,None,FALSE
699-38-70C,200-UP-1,569084,135326,HEIS Database,225.9,105.3,100.8,103,HEIS Database,100.6,93,54.2,UU/MU,None,FALSE
699-39-68,200-UP-1,569078,135333,HEIS Database,225.9,134.8,89.1,112,HEIS Database,100.6,93.1,54.2,UU/MU,None,FALSE
699-39-79,200-ZP-1,565891,135412,HEIS Database,206.1,146.6,134.7,140.7,HEIS Database,71.5,54.6,34.8,UU/MU,None,FALSE
699-40-62,200-UP-1,571164,135764,HEIS Database,228.9,126.8,117.7,122.2,HEIS Database,115,105.3,78,UU/MU,None,FALSE
699-40-65,200-UP-1,570057,135881,HEIS Database,230.3,129.5,118.8,124.1,HEIS Database,118.6,99.5,74.6,UU/MU,None,FALSE
699-43-89,200-ZP-1,562917,136620,HEIS Database,197,143.7,121.8,132.7,HEIS Database,66.6,50.7,8.6,UU/MU,None,FALSE
699-44-64,200-ZP-1,570391,136897,HEIS Database,221.5,125.2,115.7,120.5,HEIS Database,124.3,119,86.5,UU/MU,None,FALSE
699-44-70B,200-ZP-1,568670,136810,HEIS Database,224.8,102.8,96.7,99.7,HEIS Database,111.6,105.8,69.1,LU/CR,None,FALSE
699-45-69A,200-ZP-1,568729,137183,HEIS Database,221.8,138.3,125.5,131.9,HEIS Database,122.8,116.7,76.2,UU/MU,None,FALSE
699-45-69C,200-ZP-1,568947,137234,HEIS Database,221.7,109.8,105.2,107.5,HEIS Database,120.7,110.8,81.6,LU/CR,None,FALSE
699-46-61,200-ZP-1,571431,137442,HEIS Database,211.2,121.6,115.4,118.5,HEIS Database,-9999,120.9,104.9,UU/MU,None,FALSE
699-47-60,200-ZP-1,571474,137969,HEIS Database,198.8,127.2,116.9,122,HEIS Database,-9999,126.2,111.9,UU/MU,None,FALSE
699-47-80AP,200-ZP-1,565562,137693,HEIS Database,713.5,10.5,3.8,7.2,Well Log- 699-47-80A.pdf,77.1,71.4,54.7,LU/CR,None,FALSE
699-47-80AQ,200-ZP-1,565562,137693,HEIS Database,713.5,64.1,61.1,62.6,Well Log- 699-47-80A.pdf,77.1,71.4,54.7,LU/CR,None,FALSE
699-48-71,200-ZP-1,568388,138057,HEIS Database,210.3,137.5,123.8,130.7,HEIS Database,-9999,106.9,95.5,UU/MU,None,FALSE
699-48-77C,200-ZP-1,566469,138087,HEIS Database,205.9,117.5,111.4,114.4,HEIS Database,-9999,106.9,71.5,UU/MU,None,FALSE
699-48-77D,200-ZP-1,566433,138119,HEIS Database,205.7,140.3,134.2,137.2,HEIS Database,-9999,106.5,71.4,UU/MU,None,FALSE
699-48-96,200-ZP-1,560517,138355,HEIS Database,245.1,53.1,47,50,HEIS Database,73.9,53.6,19.7,LU/CR,None,FALSE
699-49- 100C,200-ZP-1,559304,138503,HEIS Database,241.7,150.3,129.8,140,HEIS Database,-9999,-9999,112.2,UU/MU,None,FALSE
699-49-79,200-ZP-1,565771,138271,HEIS Database,210.7,142.2,130,136.1,HEIS Database,-9999,89.5,57.8,UU/MU,None,FALSE
699-50-74,200-ZP-1,567360,138647,HEIS Database,200.6,132.6,121.9,127.2,HEIS Database,-9999,113.4,89.2,UU/MU,None,FALSE
699-51-63,200-ZP-1,570664,139148,HEIS Database,174.8,126.9,119.5,123.2,HEIS Database,-9999,-9999,120.8,UU/MU,None,FALSE
699-51-75,200-ZP-1,566978,138906,HEIS Database,196,138,128.3,133.2,HEIS Database,-9999,115.6,80.3,UU/MU,None,FALSE
699-51-75P,200-ZP-1,566978,138906,HEIS Database,195.9,83.2,81.6,82.4,HEIS Database,-9999,115.6,80.3,LU/CR,None,FALSE
699-55-76,200-ZP-1,566723,140226,HEIS Database,178.2,135.2,120.4,127.8,HEIS Database,-9999,133.1,108.4,UU/MU,None,FALSE
699-43-69 ,200-ZP-1,568967,136488,HEIS Database,226.5,104.6,93.9,99.2,HEIS Database,114.9,105.7,72.8,UU/MU,None,FALSE
