NAME,VAL,TYPE,EVENT_WL,EVENT_CHEM,COLLECTION_PURPOSE,CP_note,XCOORDS,YCOORDS,ZCOORDS,GW_AREA_OF_INTEREST,ELE_m_df4,Easting,Northing,ELE_m_new,Concentration,Type,Elev_flag,Unnamed: 7,ELE_m,Nearby_Wells,index_right,ID,I,J,HSU,NAME_norm,Final_Assignment
299-W11-106,1610.0,EXTRACTION,,na,,,568036.76,136481.53,224.191,200-ZP,104.762788,568036.76,136481.53,104.76,1610.0,Extraction,ECF_data_2024,,104.76,['299-W11-106'],1498.0,1499.0,26.0,24.0,5_rlm,299-W11-106,UU/MU
299-W11-106,1610.0,EXTRACTION,,na,,,568036.76,136481.53,224.191,200-ZP,104.762788,568036.76,136481.53,104.76,1610.0,Extraction,ECF_data_2024,,104.76,['299-W11-106'],1498.0,1499.0,26.0,24.0,5_rlm,299-W11-106,UU/MU
299-W11-106,1160.0,EXTRACTION,,na,PD,"Corrected HEIS data pull, post-development sample",568036.76,136481.53,224.191,200-ZP,104.762788,,,,,,Calc,,104.762788,['299-W11-106'],1498.0,1499.0,26.0,24.0,5_rlm,299-W11-106,UU/MU
299-W11-106,1160.0,EXTRACTION,,na,PD,"Corrected HEIS data pull, post-development sample",568036.76,136481.53,224.191,200-ZP,104.762788,,,,,,Calc,,104.762788,['299-W11-106'],1498.0,1499.0,26.0,24.0,5_rlm,299-W11-106,UU/MU
299-W11-107,164.0,EXTRACTION,,na,,,567573.99,136583.6,220.427,200-ZP,100.197584,567573.99,136583.6,100.2,164.0,Extraction,ECF_data_2024,,100.2,['299-W11-107'],1435.0,1436.0,25.0,20.0,4_rwia,299-W11-107,LU/CR
299-W11-107,164.0,EXTRACTION,,na,,,567573.99,136583.6,220.427,200-ZP,100.197584,567573.99,136583.6,100.2,164.0,Extraction,ECF_data_2024,,100.2,['299-W11-107'],1435.0,1436.0,25.0,20.0,4_rwia,299-W11-107,LU/CR
299-W11-107,82.9,EXTRACTION,,na,PD,"Corrected HEIS data pull, post-development sample",567573.99,136583.6,220.427,200-ZP,100.197584,,,,,,Calc,,100.197584,['299-W11-107'],1435.0,1436.0,25.0,20.0,4_rwia,299-W11-107,LU/CR
299-W11-107,82.9,EXTRACTION,,na,PD,"Corrected HEIS data pull, post-development sample",567573.99,136583.6,220.427,200-ZP,100.197584,,,,,,Calc,,100.197584,['299-W11-107'],1435.0,1436.0,25.0,20.0,4_rwia,299-W11-107,LU/CR
299-W11-116,621.0,EXTRACTION,,na,,,567928.757,136407.124,223.02,200-ZP,94.231516,567928.0,136408.0,70.58,621.0,Characterizationa,ECF_data_2024,,70.58,['299-W11-116'],1556.0,1557.0,27.0,23.0,0_bslt,299-W11-116,UU/MU
299-W11-49,332.0,EXTRACTION,,na,,,567361.5,135924.72,216.771,200-ZP,112.377,567361.5,135924.72,112.38,332.0,Extraction,ECF_data_2024,,112.38,['299-W11-49'],1846.0,1847.0,32.0,18.0,5_rlm,299-W11-49,UU/MU
299-W11-49,332.0,EXTRACTION,,na,,,567361.5,135924.72,216.771,200-ZP,112.377,567361.5,135924.72,112.38,332.0,Extraction,ECF_data_2024,,112.38,['299-W11-49'],1846.0,1847.0,32.0,18.0,5_rlm,299-W11-49,UU/MU
299-W11-50,204.0,EXTRACTION,,na,,,566966.27,136756.64,212.974,200-ZP,106.99646,566966.27,136756.64,107.0,204.0,Extraction,ECF_data_2024,,107.0,"['299-W11-117', '299-W11-50']",1311.0,1312.0,23.0,14.0,5_rlm,299-W11-50,UU/MU
299-W11-50,204.0,EXTRACTION,,na,,,566966.27,136756.64,212.974,200-ZP,106.99646,566966.27,136756.64,107.0,204.0,Extraction,ECF_data_2024,,107.0,"['299-W11-117', '299-W11-50']",1311.0,1312.0,23.0,14.0,5_rlm,299-W11-50,UU/MU
299-W11-90,423.0,EXTRACTION,,na,,,567306.79,136519.66,218.905,200-ZP,100.1884,567306.79,136519.66,100.19,423.0,Extraction,ECF_data_2024,,100.19,['299-W11-90'],1491.0,1492.0,26.0,17.0,5_rlm,299-W11-90,UU/MU
299-W11-90,423.0,EXTRACTION,,na,,,567306.79,136519.66,218.905,200-ZP,100.1884,567306.79,136519.66,100.19,423.0,Extraction,ECF_data_2024,,100.19,['299-W11-90'],1491.0,1492.0,26.0,17.0,5_rlm,299-W11-90,UU/MU
299-W11-92,13.7,EXTRACTION,,na,,,566692.86,136351.78,205.314,200-ZP,106.28,566692.86,136351.78,106.28,13.7,Extraction,ECF_data_2024,,106.28,['299-W11-92'],1544.0,1545.0,27.0,11.0,5_rlm,299-W11-92,UU/MU
299-W11-92,13.7,EXTRACTION,,na,,,566692.86,136351.78,205.314,200-ZP,106.28,566692.86,136351.78,106.28,13.7,Extraction,ECF_data_2024,,106.28,['299-W11-92'],1544.0,1545.0,27.0,11.0,5_rlm,299-W11-92,UU/MU
299-W11-96,317.0,EXTRACTION,,na,,,567774.83,136772.24,221.507,200-ZP,105.04192,567774.83,136772.24,105.04,317.0,Extraction,ECF_data_2024,,105.04,['299-W11-96'],1319.0,1320.0,23.0,22.0,4_rwia,299-W11-96,UU/MU
299-W11-96,317.0,EXTRACTION,,na,,,567774.83,136772.24,221.507,200-ZP,105.04192,567774.83,136772.24,105.04,317.0,Extraction,ECF_data_2024,,105.04,['299-W11-96'],1319.0,1320.0,23.0,22.0,4_rwia,299-W11-96,UU/MU
299-W11-97,265.0,EXTRACTION,,na,,,568317.57,135875.91,224.365,200-UP,94.618468,568317.57,135875.91,94.62,265.0,Extraction,ECF_data_2024,,94.62,['299-W11-97'],1855.0,1856.0,32.0,27.0,5_rlm,299-W11-97,UU/MU
299-W12-2,567.0,EXTRACTION,,na,,,568312.67,136610.25,224.355,200-ZP,107.800304,568312.67,136610.25,107.8,567.0,Extraction,ECF_data_2024,,107.8,['299-W12-2'],1442.0,1443.0,25.0,27.0,5_rlm,299-W12-2,UU/MU
299-W12-3,326.0,EXTRACTION,,na,,,568321.53,136998.09,225.057,200-ZP,103.0471,568321.53,136998.09,103.05,326.0,Extraction,ECF_data_2024,,103.05,['299-W12-3'],1206.0,1207.0,21.0,27.0,4_rwia,299-W12-3,UU/MU
299-W12-4,472.0,EXTRACTION,,na,,,568327.41,136363.65,224.405,200-ZP,92.78676,,,,,,Calc,,92.78676,['299-W12-4'],1560.0,1561.0,27.0,27.0,4_rwia,299-W12-4,UU/MU
299-W12-5,947.0,EXTRACTION,,na,,,568101.7,136735.54,222.881,200-ZP,102.247004,568101.7,136735.54,102.25,947.0,Extraction,ECF_data_2024,,102.25,['299-W12-5'],1381.0,1382.0,24.0,25.0,4_rwia,299-W12-5,UU/MU
299-W12-6,783.0,EXTRACTION,,na,PD,"Corrected HEIS data pull, post-development sample",568139.873,136521.266,223.446,200-ZP,96.333828,568139.87,136521.27,115.38,783.0,Characterizationa,ECF_data_2024,,115.38,['299-W12-6'],1499.0,1500.0,26.0,25.0,5_rlm,299-W12-6,LU/CR
299-W12-6,783.0,EXTRACTION,,na,PD,"Corrected HEIS data pull, post-development sample",568139.873,136521.266,223.446,200-ZP,96.333828,568139.87,136521.27,115.38,783.0,Characterizationa,ECF_data_2024,,115.38,['299-W12-6'],1499.0,1500.0,26.0,25.0,5_rlm,299-W12-6,LU/CR
299-W13-5,261.0,EXTRACTION,,na,,,568110.39,135702.89,222.871,200-UP,97.637356,568110.39,135702.89,97.64,261.0,Extraction,ECF_data_2024,,97.64,['299-W13-5'],1971.0,1972.0,34.0,25.0,5_rlm,299-W13-5,LU/CR
299-W13-5,261.0,EXTRACTION,,na,,,568110.39,135702.89,222.871,200-UP,97.637356,568110.39,135702.89,97.64,261.0,Extraction,ECF_data_2024,,97.64,['299-W13-5'],1971.0,1972.0,34.0,25.0,5_rlm,299-W13-5,LU/CR
299-W13-5,156.0,EXTRACTION,,na,PD,"Corrected HEIS data pull, post-development sample",568110.39,135702.89,222.871,200-UP,97.637356,,,,,,Calc,,97.637356,['299-W13-5'],1971.0,1972.0,34.0,25.0,5_rlm,299-W13-5,LU/CR
299-W13-5,156.0,EXTRACTION,,na,PD,"Corrected HEIS data pull, post-development sample",568110.39,135702.89,222.871,200-UP,97.637356,,,,,,Calc,,97.637356,['299-W13-5'],1971.0,1972.0,34.0,25.0,5_rlm,299-W13-5,LU/CR
299-W14-20,72.7,EXTRACTION,,na,,,566909.22,136284.47,205.155,200-ZP,105.398436,566909.22,136284.47,105.4,72.7,Extraction,ECF_data_2024,,105.4,"['299-W14-35', '299-W14-20', '299-W14-82']",1605.0,1606.0,28.0,13.0,5_rlm,299-W14-20,UU/MU
299-W14-20,72.7,EXTRACTION,,na,,,566909.22,136284.47,205.155,200-ZP,105.398436,566909.22,136284.47,105.4,72.7,Extraction,ECF_data_2024,,105.4,"['299-W14-35', '299-W14-20', '299-W14-82']",1605.0,1606.0,28.0,13.0,5_rlm,299-W14-20,UU/MU
299-W14-21,472.0,EXTRACTION,,na,,,567721.52,135890.01,220.143,200-ZP,93.58238,,,,,,Calc,,93.58238,['299-W14-21'],1849.0,1850.0,32.0,21.0,4_rwia,299-W14-21,UU/MU
299-W14-21,472.0,EXTRACTION,,na,,,567721.52,135890.01,220.143,200-ZP,93.58238,,,,,,Calc,,93.58238,['299-W14-21'],1849.0,1850.0,32.0,21.0,4_rwia,299-W14-21,UU/MU
299-W14-22,262.0,EXTRACTION,,na,,,568324.69,136117.29,224.403,200-ZP,97.482044,568324.69,136117.29,97.48,262.0,Extraction,ECF_data_2024,,97.48,['299-W14-22'],1737.0,1738.0,30.0,27.0,5_rlm,299-W14-22,UU/MU
299-W14-28,1140.0,EXTRACTION,,na,,,567471.073,136463.557,220.246,200-ZP,94.486644,567471.07,136463.56,94.49,1140.0,Extraction,ECF_data_2024,,94.49,['299-W14-28'],1493.0,1494.0,26.0,19.0,4_rwia,299-W14-28,UU/MU
299-W14-28,1140.0,EXTRACTION,,na,,,567471.073,136463.557,220.246,200-ZP,94.486644,567471.07,136463.56,94.49,1140.0,Extraction,ECF_data_2024,,94.49,['299-W14-28'],1493.0,1494.0,26.0,19.0,4_rwia,299-W14-28,UU/MU
299-W14-28,817.0,EXTRACTION,,na,PD,"Corrected HEIS data pull, post-development sample",567471.073,136463.557,220.246,200-ZP,94.486644,,,,,,Calc,,94.486644,['299-W14-28'],1493.0,1494.0,26.0,19.0,4_rwia,299-W14-28,UU/MU
299-W14-28,817.0,EXTRACTION,,na,PD,"Corrected HEIS data pull, post-development sample",567471.073,136463.557,220.246,200-ZP,94.486644,,,,,,Calc,,94.486644,['299-W14-28'],1493.0,1494.0,26.0,19.0,4_rwia,299-W14-28,UU/MU
299-W14-29,407.0,EXTRACTION,,na,,,568068.098,136864.485,222.639,200-ZP,97.498452,,,,,,Calc,,97.498452,['299-W14-29'],1263.0,1264.0,22.0,25.0,4_rwia,299-W14-29,LU/CR
299-W14-29,407.0,EXTRACTION,,na,,,568068.098,136864.485,222.639,200-ZP,97.498452,,,,,,Calc,,97.498452,['299-W14-29'],1263.0,1264.0,22.0,25.0,4_rwia,299-W14-29,LU/CR
299-W14-29,456.0,EXTRACTION,,na,PD,"Corrected HEIS data pull, post-development sample",568068.098,136864.485,222.639,200-ZP,97.498452,,,,,,Calc,,97.498452,['299-W14-29'],1263.0,1264.0,22.0,25.0,4_rwia,299-W14-29,LU/CR
299-W14-29,456.0,EXTRACTION,,na,PD,"Corrected HEIS data pull, post-development sample",568068.098,136864.485,222.639,200-ZP,97.498452,,,,,,Calc,,97.498452,['299-W14-29'],1263.0,1264.0,22.0,25.0,4_rwia,299-W14-29,LU/CR
299-W14-30,1060.0,EXTRACTION,,na,,,568093.697,136358.527,223.867,200-ZP,93.581912,568093.7,136358.53,93.58,1060.0,Extraction,ECF_data_2024,,93.58,['299-W14-30'],1558.0,1559.0,27.0,25.0,4_rwia,299-W14-30,LU/CR
299-W14-30,1060.0,EXTRACTION,,na,,,568093.697,136358.527,223.867,200-ZP,93.581912,568093.7,136358.53,93.58,1060.0,Extraction,ECF_data_2024,,93.58,['299-W14-30'],1558.0,1559.0,27.0,25.0,4_rwia,299-W14-30,LU/CR
299-W14-30,648.0,EXTRACTION,,na,PD,"Corrected HEIS data pull, post-development sample",568093.697,136358.527,223.867,200-ZP,93.581912,,,,,,Calc,,93.581912,['299-W14-30'],1558.0,1559.0,27.0,25.0,4_rwia,299-W14-30,LU/CR
299-W14-30,648.0,EXTRACTION,,na,PD,"Corrected HEIS data pull, post-development sample",568093.697,136358.527,223.867,200-ZP,93.581912,,,,,,Calc,,93.581912,['299-W14-30'],1558.0,1559.0,27.0,25.0,4_rwia,299-W14-30,LU/CR
299-W14-31,678.0,EXTRACTION,,na,,,567778.283,136542.037,222.034,200-ZP,94.934204,567778.28,136542.04,94.93,678.0,Extraction,ECF_data_2024,,94.93,[],1496.0,1497.0,26.0,22.0,4_rwia,299-W14-31,LU/CR
299-W14-31,678.0,EXTRACTION,,na,,,567778.283,136542.037,222.034,200-ZP,94.934204,567778.28,136542.04,94.93,678.0,Extraction,ECF_data_2024,,94.93,[],1496.0,1497.0,26.0,22.0,4_rwia,299-W14-31,LU/CR
299-W14-31,454.0,EXTRACTION,,na,PD,"Corrected HEIS data pull, post-development sample",567778.283,136542.037,222.034,200-ZP,94.934204,,,,,,Calc,,94.934204,[],1496.0,1497.0,26.0,22.0,4_rwia,299-W14-31,LU/CR
299-W14-31,454.0,EXTRACTION,,na,PD,"Corrected HEIS data pull, post-development sample",567778.283,136542.037,222.034,200-ZP,94.934204,,,,,,Calc,,94.934204,[],1496.0,1497.0,26.0,22.0,4_rwia,299-W14-31,LU/CR
299-W14-32,350.0,EXTRACTION,,na,,,568127.499,136054.322,223.638,200-ZP,94.170544,568127.5,136054.32,94.17,350.0,Extraction,ECF_data_2024,,94.17,['299-W14-32'],1735.0,1736.0,30.0,25.0,4_rwia,299-W14-32,LU/CR
299-W14-32,350.0,EXTRACTION,,na,,,568127.499,136054.322,223.638,200-ZP,94.170544,568127.5,136054.32,94.17,350.0,Extraction,ECF_data_2024,,94.17,['299-W14-32'],1735.0,1736.0,30.0,25.0,4_rwia,299-W14-32,LU/CR
299-W14-32,157.0,EXTRACTION,,na,PD,"Corrected HEIS data pull, post-development sample",568127.499,136054.322,223.638,200-ZP,94.170544,,,,,,Calc,,94.170544,['299-W14-32'],1735.0,1736.0,30.0,25.0,4_rwia,299-W14-32,LU/CR
299-W14-32,157.0,EXTRACTION,,na,PD,"Corrected HEIS data pull, post-development sample",568127.499,136054.322,223.638,200-ZP,94.170544,,,,,,Calc,,94.170544,['299-W14-32'],1735.0,1736.0,30.0,25.0,4_rwia,299-W14-32,LU/CR
299-W14-73,384.0,EXTRACTION,,na,,,567358.99,136204.58,217.507,200-ZP,97.59392,567358.99,136204.58,97.59,384.0,Extraction,ECF_data_2024,,97.59,['299-W14-73'],1669.0,1670.0,29.0,18.0,5_rlm,299-W14-73,UU/MU
299-W14-73,384.0,EXTRACTION,,na,,,567358.99,136204.58,217.507,200-ZP,97.59392,567358.99,136204.58,97.59,384.0,Extraction,ECF_data_2024,,97.59,['299-W14-73'],1669.0,1670.0,29.0,18.0,5_rlm,299-W14-73,UU/MU
299-W14-74,774.0,EXTRACTION,,na,,,567781.48,136381.29,222.212,200-ZP,98.823484,567781.48,136381.29,98.82,774.0,Extraction,ECF_data_2024,,98.82,"['299-W14-31', '299-W14-74', 'CTet-Ext-2']",1555.0,1556.0,27.0,22.0,4_rwia,299-W14-74,UU/MU
299-W14-74,774.0,EXTRACTION,,na,,,567781.48,136381.29,222.212,200-ZP,98.823484,567781.48,136381.29,98.82,774.0,Extraction,ECF_data_2024,,98.82,"['299-W14-31', '299-W14-74', 'CTet-Ext-2']",1555.0,1556.0,27.0,22.0,4_rwia,299-W14-74,UU/MU
299-W14-75,1400.0,EXTRACTION,,na,,,568000.13,136204.5,223.15,200-ZP,97.604496,568000.13,136204.5,97.6,1400.0,Extraction,ECF_data_2024,,97.6,['299-W14-75'],1675.0,1676.0,29.0,24.0,4_rwia,299-W14-75,LU/CR
299-W14-75,1400.0,EXTRACTION,,na,,,568000.13,136204.5,223.15,200-ZP,97.604496,568000.13,136204.5,97.6,1400.0,Extraction,ECF_data_2024,,97.6,['299-W14-75'],1675.0,1676.0,29.0,24.0,4_rwia,299-W14-75,LU/CR
299-W14-75,1220.0,EXTRACTION,,na,PD,"Corrected HEIS data pull, post-development sample",568000.13,136204.5,223.15,200-ZP,97.604496,,,,,,Calc,,97.604496,['299-W14-75'],1675.0,1676.0,29.0,24.0,4_rwia,299-W14-75,LU/CR
299-W14-75,1220.0,EXTRACTION,,na,PD,"Corrected HEIS data pull, post-development sample",568000.13,136204.5,223.15,200-ZP,97.604496,,,,,,Calc,,97.604496,['299-W14-75'],1675.0,1676.0,29.0,24.0,4_rwia,299-W14-75,LU/CR
299-W15-225,16.0,EXTRACTION,,na,,,566657.35,136108.93,205.544,200-ZP,105.786,566657.35,136108.93,105.79,16.0,Extraction,ECF_data_2024,,105.79,['299-W15-225'],1721.0,1722.0,30.0,11.0,6_rwie,299-W15-225,UU/MU
299-W15-225,16.0,EXTRACTION,,na,,,566657.35,136108.93,205.544,200-ZP,105.786,566657.35,136108.93,105.79,16.0,Extraction,ECF_data_2024,,105.79,['299-W15-225'],1721.0,1722.0,30.0,11.0,6_rwie,299-W15-225,UU/MU
299-W17-2,106.0,EXTRACTION,,na,,,566951.64,135806.21,205.181,200-ZP,109.97061200000002,566951.64,135806.21,109.97,106.0,Extraction,ECF_data_2024,,109.97,['299-W17-2'],1901.0,1902.0,33.0,14.0,6_rwie,299-W17-2,UU/MU
299-W17-2,106.0,EXTRACTION,,na,,,566951.64,135806.21,205.181,200-ZP,109.97061200000002,566951.64,135806.21,109.97,106.0,Extraction,ECF_data_2024,,109.97,['299-W17-2'],1901.0,1902.0,33.0,14.0,6_rwie,299-W17-2,UU/MU
299-W17-2,106.0,EXTRACTION,,na,,,566951.64,135806.21,205.181,200-ZP,109.97061200000002,566951.64,135806.21,109.97,106.0,Extraction,ECF_data_2024,,109.97,['299-W17-2'],1901.0,1902.0,33.0,14.0,6_rwie,299-W17-2,UU/MU
299-W17-3,64.5,EXTRACTION,,na,,,566925.89,135325.02,206.874,200-UP,106.315,,,,,,Calc,,106.315,['299-W17-3'],2195.0,2196.0,38.0,13.0,6_rwie,299-W17-3,UU/MU
299-W17-3,64.5,EXTRACTION,,na,,,566925.89,135325.02,206.874,200-UP,106.315,,,,,,Calc,,106.315,['299-W17-3'],2195.0,2196.0,38.0,13.0,6_rwie,299-W17-3,UU/MU
299-W19-111,313.0,EXTRACTION,,na,,,567313.04,135547.02,215.071,200-UP,107.669392,,,,,,Calc,,107.669392,['299-W19-111'],2081.0,2082.0,36.0,17.0,5_rlm,299-W19-111,NAN
299-W19-113,24.7,EXTRACTION,2024-12-11 00:00:00,na,,,567689.62,135008.2,215.28,200-UP,115.653624,,,,,,Calc,,115.653624,"['299-W19-113', '299-W19-134', '299-W19-125']",2380.0,2381.0,41.0,21.0,6_rwie,299-W19-113,UU/MU
299-W19-113,24.7,EXTRACTION,2024-12-11 00:00:00,na,,,567689.62,135008.2,215.28,200-UP,115.653624,,,,,,Calc,,115.653624,"['299-W19-113', '299-W19-134', '299-W19-125']",2380.0,2381.0,41.0,21.0,6_rwie,299-W19-113,UU/MU
299-W19-114,17.7,EXTRACTION,,na,,,567901.89,135013.21,214.417,200-UP,116.65616,567901.89,135013.21,116.66,17.7,Extraction,ECF_data_2024,,116.66,['299-W19-114'],2382.0,2383.0,41.0,23.0,6_rwie,299-W19-114,UU/MU
299-W19-114,17.7,EXTRACTION,,na,,,567901.89,135013.21,214.417,200-UP,116.65616,567901.89,135013.21,116.66,17.7,Extraction,ECF_data_2024,,116.66,['299-W19-114'],2382.0,2383.0,41.0,23.0,6_rwie,299-W19-114,UU/MU
299-W19-114,17.7,EXTRACTION,,na,,,567901.89,135013.21,214.417,200-UP,116.65616,567901.89,135013.21,116.66,17.7,Extraction,ECF_data_2024,,116.66,['299-W19-114'],2382.0,2383.0,41.0,23.0,6_rwie,299-W19-114,UU/MU
299-W19-114,17.7,EXTRACTION,,na,,,567901.89,135013.21,214.417,200-UP,116.65616,567901.89,135013.21,116.66,17.7,Extraction,ECF_data_2024,,116.66,['299-W19-114'],2382.0,2383.0,41.0,23.0,6_rwie,299-W19-114,UU/MU
299-W19-123,58.1,EXTRACTION,2024-12-11 00:00:00,na,,,567511.71,134988.14,215.19,200-UP,104.290716,567511.71,134988.14,104.29,58.1,Extraction,ECF_data_2024,,104.29,['299-W19-123'],2378.0,2379.0,41.0,19.0,6_rwie,299-W19-123,UU/MU
299-W19-123,48.05,EXTRACTION,2024-12-11 00:00:00,na,R,,567511.71,134988.14,215.19,200-UP,104.290716,,,,,,Calc,,104.290716,['299-W19-123'],2378.0,2379.0,41.0,19.0,6_rwie,299-W19-123,UU/MU
299-W19-125,32.7,EXTRACTION,,na,,,567720.14,135090.85,216.319,200-UP,108.190572,567720.14,135090.85,108.19,32.7,Extraction,ECF_data_2024,,108.19,"['299-W19-113', '299-W19-125']",2321.0,2322.0,40.0,21.0,6_rwie,299-W19-125,UU/MU
299-W19-125,32.7,EXTRACTION,,na,,,567720.14,135090.85,216.319,200-UP,108.190572,567720.14,135090.85,108.19,32.7,Extraction,ECF_data_2024,,108.19,"['299-W19-113', '299-W19-125']",2321.0,2322.0,40.0,21.0,6_rwie,299-W19-125,UU/MU
299-W19-134,37.4,EXTRACTION,,na,,,567630.02,135018.24,215.833,200-UP,118.999464,567630.02,135018.24,119.0,37.4,Extraction,ECF_data_2024,,119.0,"['299-W19-113', '299-W19-134']",2379.0,2380.0,41.0,20.0,6_rwie,299-W19-134,UU/MU
299-W19-134,37.4,EXTRACTION,,na,,,567630.02,135018.24,215.833,200-UP,118.999464,567630.02,135018.24,119.0,37.4,Extraction,ECF_data_2024,,119.0,"['299-W19-113', '299-W19-134']",2379.0,2380.0,41.0,20.0,6_rwie,299-W19-134,UU/MU
299-W19-134,42.5,EXTRACTION,,na,PD,"Corrected HEIS data pull, post-development sample",567630.02,135018.24,215.833,200-UP,118.999464,,,,,,Calc,,118.999464,"['299-W19-113', '299-W19-134']",2379.0,2380.0,41.0,20.0,6_rwie,299-W19-134,UU/MU
299-W19-134,42.5,EXTRACTION,,na,PD,"Corrected HEIS data pull, post-development sample",567630.02,135018.24,215.833,200-UP,118.999464,,,,,,Calc,,118.999464,"['299-W19-113', '299-W19-134']",2379.0,2380.0,41.0,20.0,6_rwie,299-W19-134,UU/MU
299-W22-90,55.7,EXTRACTION,,na,,,566961.39,134483.24,207.834,200-UP,125.488756,566961.39,134483.24,125.49,55.7,Extraction,ECF_data_2024,,125.49,['299-W22-90'],2668.0,2669.0,46.0,14.0,6_rwie,299-W22-90,UU/MU
299-W22-90,55.7,EXTRACTION,,na,,,566961.39,134483.24,207.834,200-UP,125.488756,566961.39,134483.24,125.49,55.7,Extraction,ECF_data_2024,,125.49,['299-W22-90'],2668.0,2669.0,46.0,14.0,6_rwie,299-W22-90,UU/MU
299-W22-91,30.3,EXTRACTION,,na,,,566911.76,134134.53,205.117,200-UP,123.586852,566911.76,134134.53,123.59,30.3,Extraction,ECF_data_2024,,123.59,"['299-W22-91', '299-W22-130']",2903.0,2904.0,50.0,13.0,6_rwie,299-W22-91,UU/MU
299-W22-91,30.3,EXTRACTION,,na,,,566911.76,134134.53,205.117,200-UP,123.586852,566911.76,134134.53,123.59,30.3,Extraction,ECF_data_2024,,123.59,"['299-W22-91', '299-W22-130']",2903.0,2904.0,50.0,13.0,6_rwie,299-W22-91,UU/MU
299-W22-92,50.55,EXTRACTION,,na,,,567167.84,134029.77,206.217,200-UP,125.572384,,,,,,Calc,,125.572384,['299-W22-92'],2965.0,2966.0,51.0,16.0,6_rwie,299-W22-92,UU/MU
299-W22-92,50.55,EXTRACTION,,na,,,567167.84,134029.77,206.217,200-UP,125.572384,,,,,,Calc,,125.572384,['299-W22-92'],2965.0,2966.0,51.0,16.0,6_rwie,299-W22-92,UU/MU
299-W5-1,245.0,EXTRACTION,,na,,,568329.73,137321.21,222.431,200-ZP,105.900956,568329.73,137321.21,105.9,245.0,Extraction,ECF_data_2024,,105.9,['299-W5-1'],1029.0,1030.0,18.0,27.0,4_rwia,299-W5-1,UU/MU
299-W6-15,367.0,EXTRACTION,,na,,,567781.69,137076.41,221.69,200-ZP,102.08762,567781.69,137076.41,102.09,367.0,Extraction,ECF_data_2024,,102.09,['299-W6-15'],1142.0,1143.0,20.0,22.0,4_rwia,299-W6-15,UU/MU
299-W6-15,367.0,EXTRACTION,,na,,,567781.69,137076.41,221.69,200-ZP,102.08762,567781.69,137076.41,102.09,367.0,Extraction,ECF_data_2024,,102.09,['299-W6-15'],1142.0,1143.0,20.0,22.0,4_rwia,299-W6-15,UU/MU
699-40-70A,325.0,EXTRACTION,,na,,,567986.853,137401.816,220.231,200-ZP,101.868064,567986.85,137401.82,101.87,325.0,Extraction,ECF_data_2024,,101.87,['699-40-70A'],967.0,968.0,17.0,24.0,4_rwia,699-40-70A,LU/CR
699-40-70A,325.0,EXTRACTION,,na,,,567986.853,137401.816,220.231,200-ZP,101.868064,567986.85,137401.82,101.87,325.0,Extraction,ECF_data_2024,,101.87,['699-40-70A'],967.0,968.0,17.0,24.0,4_rwia,699-40-70A,LU/CR
699-40-70A,296.0,EXTRACTION,,na,PD,"Corrected HEIS data pull, post-development sample",567986.853,137401.816,220.231,200-ZP,101.868064,,,,,,Calc,,101.868064,['699-40-70A'],967.0,968.0,17.0,24.0,4_rwia,699-40-70A,LU/CR
699-40-70A,296.0,EXTRACTION,,na,PD,"Corrected HEIS data pull, post-development sample",567986.853,137401.816,220.231,200-ZP,101.868064,,,,,,Calc,,101.868064,['699-40-70A'],967.0,968.0,17.0,24.0,4_rwia,699-40-70A,LU/CR
699-48-70,54.1,EXTRACTION,,na,,,568501.64,138200.91,209.026,200-ZP,113.61522,568501.64,138200.91,113.62,54.1,Extraction,ECF_data_2024,,113.62,['699-48-70'],500.0,501.0,9.0,29.0,0_bslt,699-48-70,NAN
