name,x,y,avg_ctet_2018_2020,type,hs,ind3_4,ind34,ind50,ind100,ind500,ind1000,ind1500
299-W10-1,566663.096,136734.565,160,MONITORING,UU/MU,0,0,0,0,1,1,1
299-W10-14,566017.194,136608.895,0.453333333,MONITORING,UU/MU,1,1,1,1,1,1,1
299-W10-24,566885.426,136798.78,352,MONITORING,UU/MU,0,0,0,0,1,1,1
299-W10-26,566843.396,136400.594,90.9,MONITORING,UU/MU,0,0,0,1,1,1,1
299-W10-27,566843.969,136441.778,91.1875,MONITORING,UU/MU,0,0,0,1,1,1,1
299-W10-28,566701.55,136709.93,190,MONITORING,UU/MU,0,0,0,0,1,1,1
299-W10-29,566082.98,136828.74,4.4625,MONITORING,UU/MU,0,1,1,1,1,1,1
299-W10-30,566082.78,136739.33,24.675,MONITORING,UU/MU,0,1,1,1,1,1,1
299-W10-31,566266.44,136968.34,7.638333333,MONITORING,UU/MU,0,1,1,1,1,1,1
299-W11-13,567099.363,136424.033,132.5,MONITORING,UU/MU,0,0,0,0,1,1,1
299-W11-18,567181.916,137161.484,59.568,MONITORING,UU/MU,0,0,0,1,1,1,1
299-W11-33Q,567184.869,136844.366,57.5,MONITORING,UU/MU,0,0,0,1,1,1,1
299-W11-39,566908.383,136779.917,240,MONITORING,UU/MU,0,0,0,0,1,1,1
299-W11-40,566926.838,136709.666,171,MONITORING,UU/MU,0,0,0,0,1,1,1
299-W11-41,566935.51,136677.781,162,MONITORING,UU/MU,0,0,0,0,1,1,1
299-W11-42,566920.435,136745.665,136,MONITORING,UU/MU,0,0,0,0,1,1,1
299-W11-45,566992.84,136775.64,717.5,MONITORING,UU/MU,0,0,0,0,0,1,1
299-W11-47,566933.82,136680.7,497,MONITORING,UU/MU,0,0,0,0,1,1,1
299-W11-48,566881.97,136846.18,779.3333333,MONITORING,UU/MU,0,0,0,0,0,1,1
299-W11-87,568141.08,136608.7,2000,MONITORING,UU/MU,0,0,0,0,0,0,0
299-W13-1,568148.74,136048.6,1453.333333,MONITORING,UU/MU,0,0,0,0,0,0,1
299-W13-2P,568832.59,135819.18,68.5,MONITORING,UU/MU,0,0,0,1,1,1,1
299-W13-2Q,568832.59,135819.18,42.75,MONITORING,UU/MU,0,0,1,1,1,1,1
299-W14-11,566901.69,136287.62,286.6666667,MONITORING,UU/MU,0,0,0,0,1,1,1
299-W14-13,566901.718,136282.375,215,MONITORING,UU/MU,0,0,0,0,1,1,1
299-W14-14,566898.386,136181.048,118,MONITORING,UU/MU,0,0,0,0,1,1,1
299-W14-15,566899.685,136230.654,164,MONITORING,UU/MU,0,0,0,0,1,1,1
299-W14-18,566897.47,136344.15,74.3,MONITORING,UU/MU,0,0,0,1,1,1,1
299-W14-19,566898.6,136135.06,114,MONITORING,UU/MU,0,0,0,0,1,1,1
299-W14-71,567733.43,135567.81,407,MONITORING,UU/MU,0,0,0,0,1,1,1
299-W14-72,567328.44,135941.28,1165,MONITORING,UU/MU,0,0,0,0,0,0,1
299-W15-11,566412.296,136000.716,32.42,MONITORING,UU/MU,0,1,1,1,1,1,1
299-W15-152,566309.4,135550,4.0075,MONITORING,UU/MU,0,1,1,1,1,1,1
299-W15-17,566306.891,135718.958,4.093333333,MONITORING,UU/MU,0,1,1,1,1,1,1
299-W15-224,566307.89,135926.08,15.45,MONITORING,UU/MU,0,1,1,1,1,1,1
299-W15-30,566304.617,135748.936,11.5,MONITORING,UU/MU,0,1,1,1,1,1,1
299-W15-33,566433.21,135966.08,26.96666667,MONITORING,UU/MU,0,1,1,1,1,1,1
299-W15-44,566685.02,136066.47,41.3,MONITORING,UU/MU,0,0,1,1,1,1,1
299-W15-49,566307.2,135972.91,13.02,MONITORING,UU/MU,0,1,1,1,1,1,1
299-W15-7,566675.883,135920.204,30.5,MONITORING,UU/MU,0,1,1,1,1,1,1
299-W15-763,566809.207,136028.763,57,MONITORING,UU/MU,0,0,0,1,1,1,1
299-W15-765,566697.02,136373.06,27,MONITORING,UU/MU,0,1,1,1,1,1,1
299-W15-83,566304.52,135826.24,13.875,MONITORING,UU/MU,0,1,1,1,1,1,1
299-W15-94,566307.58,135640.34,5.426666667,MONITORING,UU/MU,0,1,1,1,1,1,1
299-W18-15,566380.033,134733.478,3.9,MONITORING,UU/MU,0,1,1,1,1,1,1
299-W18-21,566097.7,134978.692,0.388272727,MONITORING,UU/MU,1,1,1,1,1,1,1
299-W18-22,566088.632,134990.157,2.394545455,MONITORING,UU/MU,1,1,1,1,1,1,1
299-W18-260,566862.54,135196.89,59.3,MONITORING,UU/MU,0,0,0,1,1,1,1
299-W18-40,566723.29,134996.41,34.525,MONITORING,UU/MU,0,0,1,1,1,1,1
299-W19-105,567565.15,134745.44,40.76666667,MONITORING,UU/MU,0,0,1,1,1,1,1
299-W19-107,567997.87,135205.66,95.83333333,MONITORING,UU/MU,0,0,0,1,1,1,1
299-W19-115,567371.99,135011.96,178.3,CHARACTERIZATION,UU/MU,0,0,0,0,1,1,1
299-W19-116,568510.19,135090.16,15.44444444,CHARACTERIZATION,UU/MU,0,1,1,1,1,1,1
299-W19-123,567511.71,134988.14,174.1333333,CHARACTERIZATION,UU/MU,0,0,0,0,1,1,1
299-W19-125,567720.14,135090.85,149.36875,CHARACTERIZATION,UU/MU,0,0,0,0,1,1,1
299-W19-126,567397.26,135101.2,121.4846154,CHARACTERIZATION,UU/MU,0,0,0,0,1,1,1
299-W19-131,568060.13,135008.14,47.625,CHARACTERIZATION,UU/MU,0,0,1,1,1,1,1
299-W19-34A,567673.637,135012.246,63.13333333,MONITORING,UU/MU,0,0,0,1,1,1,1
299-W19-34B,567662.876,135010.654,35.76666667,MONITORING,UU/MU,0,0,1,1,1,1,1
299-W19-36,567634.738,135017.052,52.7,MONITORING,UU/MU,0,0,0,1,1,1,1
299-W19-4,567949.931,135350.792,133.3333333,MONITORING,UU/MU,0,0,0,0,1,1,1
299-W19-41,566896.532,135004.51,73.4,MONITORING,UU/MU,0,0,0,1,1,1,1
299-W19-42,566896.812,135122.901,69.1,MONITORING,UU/MU,0,0,0,1,1,1,1
299-W19-44,566896.95,135041.97,74,MONITORING,UU/MU,0,0,0,1,1,1,1
299-W19-45,566897.65,135087.65,69,MONITORING,UU/MU,0,0,0,1,1,1,1
299-W19-47,566895.31,135161.86,87.5125,MONITORING,UU/MU,0,0,0,1,1,1,1
299-W19-48,567822.93,134925.99,5.7,MONITORING,UU/MU,0,1,1,1,1,1,1
299-W19-49,567568.04,134894.38,85.75,MONITORING,UU/MU,0,0,0,1,1,1,1
299-W19-6,567133.33,134693.76,34.9,MONITORING,UU/MU,0,0,1,1,1,1,1
299-W20-1,568219.97,135054.03,82.76363636,CHARACTERIZATION,UU/MU,0,0,0,1,1,1,1
299-W21-2,568124.39,134573.79,12.2,MONITORING,UU/MU,0,1,1,1,1,1,1
299-W21-3,568570.76,133980.24,1.6,CHARACTERIZATION,UU/MU,1,1,1,1,1,1,1
299-W22-113,566904.52,134192.75,36.55,MONITORING,UU/MU,0,0,1,1,1,1,1
299-W22-114,567726.31,134048.07,4.375,CHARACTERIZATION,UU/MU,0,1,1,1,1,1,1
299-W22-115,566939.39,134292.43,40.7,MONITORING,UU/MU,0,0,1,1,1,1,1
299-W22-116,566900.5,134139.92,50.4,MONITORING,UU/MU,0,0,0,1,1,1,1
299-W22-47,566908.74,134076.28,68.56666667,MONITORING,UU/MU,0,0,0,1,1,1,1
299-W22-72,567237.37,134207.08,49.68333333,MONITORING,UU/MU,0,0,1,1,1,1,1
299-W22-80,566842.851,134125.649,37.35,MONITORING,UU/MU,0,0,1,1,1,1,1
299-W22-81,567000.263,134354.189,60.9,MONITORING,UU/MU,0,0,0,1,1,1,1
299-W22-84,566978.76,134547.62,47.7,MONITORING,UU/MU,0,0,1,1,1,1,1
299-W22-85,566902.9,134260.58,36.05,MONITORING,UU/MU,0,0,1,1,1,1,1
299-W22-86,567186.74,134041.31,21.3,MONITORING,UU/MU,0,1,1,1,1,1,1
299-W22-87,567541.75,134539.88,10.66666667,MONITORING,UU/MU,0,1,1,1,1,1,1
299-W22-88,568046.48,134390.53,4.053333333,MONITORING,UU/MU,0,1,1,1,1,1,1
299-W22-93,566949.07,134485.98,75.65,MONITORING,UU/MU,0,0,0,1,1,1,1
299-W22-94,567009.82,134429.75,66.05,MONITORING,UU/MU,0,0,0,1,1,1,1
299-W23-19,566759.115,134166.653,47.75,MONITORING,UU/MU,0,0,1,1,1,1,1
299-W23-20,566717.669,134446.189,47.25,MONITORING,UU/MU,0,0,1,1,1,1,1
299-W23-21,566707.737,134293.994,29.7,MONITORING,UU/MU,0,1,1,1,1,1,1
299-W23-4,566628.216,134391.881,42.05,MONITORING,UU/MU,0,0,1,1,1,1,1
299-W26-13,566424.387,133293.598,0.311,MONITORING,UU/MU,1,1,1,1,1,1,1
299-W26-14,566682.69,133539.21,3.083333333,MONITORING,UU/MU,1,1,1,1,1,1,1
299-W27-2,566908.267,133670.351,2.426666667,MONITORING,UU/MU,1,1,1,1,1,1,1
299-W6-11,567162.516,137634.825,19.4,MONITORING,UU/MU,0,1,1,1,1,1,1
299-W6-3,567118.18,137299.13,1.24,MONITORING,UU/MU,1,1,1,1,1,1,1
299-W9-2,565742.21,136872.84,2.7575,MONITORING,UU/MU,1,1,1,1,1,1,1
699-30-66,569990.98,132739.19,0.643333333,MONITORING,UU/MU,1,1,1,1,1,1,1
699-32-62,571009.564,133215.925,0.317666667,MONITORING,UU/MU,1,1,1,1,1,1,1
699-32-72A,567942.676,133362.612,0.701666667,MONITORING,UU/MU,1,1,1,1,1,1,1
699-32-76,566683.94,133137.73,0.266666667,MONITORING,UU/MU,1,1,1,1,1,1,1
699-33-75,566907.78,133662.48,4.986666667,MONITORING,UU/MU,0,1,1,1,1,1,1
699-33-76,566621.21,133600.43,2.5,MONITORING,UU/MU,1,1,1,1,1,1,1
699-34-61,571395.863,133809.862,0.463333333,MONITORING,UU/MU,1,1,1,1,1,1,1
699-35-66A,569857.861,134099.244,0.918333333,MONITORING,UU/MU,1,1,1,1,1,1,1
699-35-78A,566063.586,134271.27,20.975,MONITORING,UU/MU,0,1,1,1,1,1,1
699-36-61A,571395.472,134557.106,0.19,MONITORING,UU/MU,1,1,1,1,1,1,1
699-36-63B,570683.53,134228.69,0.890909091,CHARACTERIZATION,UU/MU,1,1,1,1,1,1,1
699-36-65,570034.24,134468.75,1.686666667,MONITORING,UU/MU,1,1,1,1,1,1,1
699-36-66B,569731.34,134469.01,2.643333333,MONITORING,UU/MU,1,1,1,1,1,1,1
699-36-70A,568466.679,134308.839,2.0925,MONITORING,UU/MU,1,1,1,1,1,1,1
699-36-70B,568427.79,134625.98,10.47,MONITORING,UU/MU,0,1,1,1,1,1,1
699-37-66,569730.32,134797.15,1.85,MONITORING,UU/MU,1,1,1,1,1,1,1
699-37-67,569520.26,134957.52,4.945,MONITORING,UU/MU,0,1,1,1,1,1,1
699-38-61,571219.097,134997.282,0.311,MONITORING,UU/MU,1,1,1,1,1,1,1
699-38-64B,569900.22,135319.93,3.36875,CHARACTERIZATION,UU/MU,1,1,1,1,1,1,1
699-38-65,570090.185,135039.847,1.15,MONITORING,UU/MU,1,1,1,1,1,1,1
699-38-68A,569180.305,134931.603,5.2,MONITORING,UU/MU,0,1,1,1,1,1,1
699-38-70B,568469.1,135331.04,72.33333333,MONITORING,UU/MU,0,0,0,1,1,1,1
699-38-70C,569084.11,135325.58,16.33333333,MONITORING,UU/MU,0,1,1,1,1,1,1
699-39-68,569077.9,135332.77,13.704,CHARACTERIZATION,UU/MU,0,1,1,1,1,1,1
699-40-62,571164.26,135764.42,0.453333333,MONITORING,UU/MU,1,1,1,1,1,1,1
699-40-65,570057.48,135881.16,5.446666667,MONITORING,UU/MU,0,1,1,1,1,1,1
699-43-69,568967.03,136488.48,216.6666667,MONITORING,UU/MU,0,0,0,0,1,1,1
699-44-64,570390.65,136897.43,14.5,MONITORING,UU/MU,0,1,1,1,1,1,1
699-45-69A,568729.3,137182.679,0.19,MONITORING,UU/MU,1,1,1,1,1,1,1
699-46-61,571431.17,137442.38,0.278,CHARACTERIZATION,UU/MU,1,1,1,1,1,1,1
699-47-60,571474.38,137968.732,0.544333333,MONITORING,UU/MU,1,1,1,1,1,1,1
699-48-71,568387.914,138056.941,163.6666667,MONITORING,UU/MU,0,0,0,0,1,1,1
699-48-77C,566468.954,138086.801,0.3,MONITORING,UU/MU,1,1,1,1,1,1,1
699-48-77D,566433.302,138119.268,0.3,MONITORING,UU/MU,1,1,1,1,1,1,1
699-50-74,567359.52,138646.73,0.19,MONITORING,UU/MU,1,1,1,1,1,1,1
699-51-63,570664.4,139148.408,0.544333333,MONITORING,UU/MU,1,1,1,1,1,1,1
