pw_id,row,col,x,y,outfile
PW-0001,39,32,564050.0,138950.0,data\breakthroughcurves\PW-0001_r0039_c0032.png
PW-0006,39,37,564550.0,138950.0,data\breakthroughcurves\PW-0006_r0039_c0037.png
PW-0011,39,42,565050.0,138950.0,data\breakthroughcurves\PW-0011_r0039_c0042.png
PW-0016,39,47,565550.0,138950.0,data\breakthroughcurves\PW-0016_r0039_c0047.png
PW-0021,39,52,566050.0,138950.0,data\breakthroughcurves\PW-0021_r0039_c0052.png
PW-0026,39,57,566550.0,138950.0,data\breakthroughcurves\PW-0026_r0039_c0057.png
PW-0031,39,62,567050.0,138950.0,data\breakthroughcurves\PW-0031_r0039_c0062.png
PW-0036,39,67,567550.0,138950.0,data\breakthroughcurves\PW-0036_r0039_c0067.png
PW-0041,39,72,568050.0,138950.0,data\breakthroughcurves\PW-0041_r0039_c0072.png
PW-0046,39,77,568550.0,138950.0,data\breakthroughcurves\PW-0046_r0039_c0077.png
PW-0051,39,82,569050.0,138950.0,data\breakthroughcurves\PW-0051_r0039_c0082.png
PW-0056,39,87,569550.0,138950.0,data\breakthroughcurves\PW-0056_r0039_c0087.png
PW-0061,39,92,570050.0,138950.0,data\breakthroughcurves\PW-0061_r0039_c0092.png
PW-0066,39,97,570550.0,138950.0,data\breakthroughcurves\PW-0066_r0039_c0097.png
PW-0071,39,102,571050.0,138950.0,data\breakthroughcurves\PW-0071_r0039_c0102.png
PW-0076,39,107,571550.0,138950.0,data\breakthroughcurves\PW-0076_r0039_c0107.png
PW-0081,39,112,572050.0,138950.0,data\breakthroughcurves\PW-0081_r0039_c0112.png
PW-0086,40,35,564350.0,138850.0,data\breakthroughcurves\PW-0086_r0040_c0035.png
PW-0091,40,40,564850.0,138850.0,data\breakthroughcurves\PW-0091_r0040_c0040.png
PW-0096,40,45,565350.0,138850.0,data\breakthroughcurves\PW-0096_r0040_c0045.png
PW-0101,40,50,565850.0,138850.0,data\breakthroughcurves\PW-0101_r0040_c0050.png
PW-0106,40,55,566350.0,138850.0,data\breakthroughcurves\PW-0106_r0040_c0055.png
PW-0111,40,60,566850.0,138850.0,data\breakthroughcurves\PW-0111_r0040_c0060.png
PW-0116,40,65,567350.0,138850.0,data\breakthroughcurves\PW-0116_r0040_c0065.png
PW-0121,40,70,567850.0,138850.0,data\breakthroughcurves\PW-0121_r0040_c0070.png
PW-0126,40,75,568350.0,138850.0,data\breakthroughcurves\PW-0126_r0040_c0075.png
PW-0131,40,80,568850.0,138850.0,data\breakthroughcurves\PW-0131_r0040_c0080.png
PW-0136,40,85,569350.0,138850.0,data\breakthroughcurves\PW-0136_r0040_c0085.png
PW-0141,40,90,569850.0,138850.0,data\breakthroughcurves\PW-0141_r0040_c0090.png
PW-0146,40,95,570350.0,138850.0,data\breakthroughcurves\PW-0146_r0040_c0095.png
PW-0151,40,100,570850.0,138850.0,data\breakthroughcurves\PW-0151_r0040_c0100.png
PW-0156,40,105,571350.0,138850.0,data\breakthroughcurves\PW-0156_r0040_c0105.png
PW-0161,40,110,571850.0,138850.0,data\breakthroughcurves\PW-0161_r0040_c0110.png
PW-0166,41,33,564150.0,138750.0,data\breakthroughcurves\PW-0166_r0041_c0033.png
PW-0171,41,38,564650.0,138750.0,data\breakthroughcurves\PW-0171_r0041_c0038.png
PW-0176,41,43,565150.0,138750.0,data\breakthroughcurves\PW-0176_r0041_c0043.png
PW-0181,41,48,565650.0,138750.0,data\breakthroughcurves\PW-0181_r0041_c0048.png
PW-0186,41,53,566150.0,138750.0,data\breakthroughcurves\PW-0186_r0041_c0053.png
PW-0191,41,58,566650.0,138750.0,data\breakthroughcurves\PW-0191_r0041_c0058.png
PW-0196,41,63,567150.0,138750.0,data\breakthroughcurves\PW-0196_r0041_c0063.png
PW-0201,41,68,567650.0,138750.0,data\breakthroughcurves\PW-0201_r0041_c0068.png
PW-0206,41,73,568150.0,138750.0,data\breakthroughcurves\PW-0206_r0041_c0073.png
PW-0211,41,78,568650.0,138750.0,data\breakthroughcurves\PW-0211_r0041_c0078.png
PW-0216,41,83,569150.0,138750.0,data\breakthroughcurves\PW-0216_r0041_c0083.png
PW-0221,41,88,569650.0,138750.0,data\breakthroughcurves\PW-0221_r0041_c0088.png
PW-0226,41,93,570150.0,138750.0,data\breakthroughcurves\PW-0226_r0041_c0093.png
PW-0231,41,98,570650.0,138750.0,data\breakthroughcurves\PW-0231_r0041_c0098.png
PW-0236,41,103,571150.0,138750.0,data\breakthroughcurves\PW-0236_r0041_c0103.png
PW-0241,41,108,571650.0,138750.0,data\breakthroughcurves\PW-0241_r0041_c0108.png
PW-0246,41,113,572150.0,138750.0,data\breakthroughcurves\PW-0246_r0041_c0113.png
PW-0251,42,36,564450.0,138650.0,data\breakthroughcurves\PW-0251_r0042_c0036.png
PW-0256,42,41,564950.0,138650.0,data\breakthroughcurves\PW-0256_r0042_c0041.png
PW-0261,42,46,565450.0,138650.0,data\breakthroughcurves\PW-0261_r0042_c0046.png
PW-0266,42,51,565950.0,138650.0,data\breakthroughcurves\PW-0266_r0042_c0051.png
PW-0271,42,56,566450.0,138650.0,data\breakthroughcurves\PW-0271_r0042_c0056.png
PW-0276,42,61,566950.0,138650.0,data\breakthroughcurves\PW-0276_r0042_c0061.png
PW-0281,42,66,567450.0,138650.0,data\breakthroughcurves\PW-0281_r0042_c0066.png
PW-0286,42,71,567950.0,138650.0,data\breakthroughcurves\PW-0286_r0042_c0071.png
PW-0291,42,76,568450.0,138650.0,data\breakthroughcurves\PW-0291_r0042_c0076.png
PW-0296,42,81,568950.0,138650.0,data\breakthroughcurves\PW-0296_r0042_c0081.png
PW-0301,42,86,569450.0,138650.0,data\breakthroughcurves\PW-0301_r0042_c0086.png
PW-0306,42,91,569950.0,138650.0,data\breakthroughcurves\PW-0306_r0042_c0091.png
PW-0311,42,96,570450.0,138650.0,data\breakthroughcurves\PW-0311_r0042_c0096.png
PW-0316,42,101,570950.0,138650.0,data\breakthroughcurves\PW-0316_r0042_c0101.png
PW-0321,42,106,571450.0,138650.0,data\breakthroughcurves\PW-0321_r0042_c0106.png
PW-0326,42,111,571950.0,138650.0,data\breakthroughcurves\PW-0326_r0042_c0111.png
PW-0331,43,34,564250.0,138550.0,data\breakthroughcurves\PW-0331_r0043_c0034.png
PW-0336,43,39,564750.0,138550.0,data\breakthroughcurves\PW-0336_r0043_c0039.png
PW-0341,43,44,565250.0,138550.0,data\breakthroughcurves\PW-0341_r0043_c0044.png
PW-0346,43,49,565750.0,138550.0,data\breakthroughcurves\PW-0346_r0043_c0049.png
PW-0351,43,54,566250.0,138550.0,data\breakthroughcurves\PW-0351_r0043_c0054.png
PW-0356,43,59,566750.0,138550.0,data\breakthroughcurves\PW-0356_r0043_c0059.png
PW-0361,43,64,567250.0,138550.0,data\breakthroughcurves\PW-0361_r0043_c0064.png
PW-0366,43,69,567750.0,138550.0,data\breakthroughcurves\PW-0366_r0043_c0069.png
PW-0371,43,74,568250.0,138550.0,data\breakthroughcurves\PW-0371_r0043_c0074.png
PW-0376,43,79,568750.0,138550.0,data\breakthroughcurves\PW-0376_r0043_c0079.png
PW-0381,43,84,569250.0,138550.0,data\breakthroughcurves\PW-0381_r0043_c0084.png
PW-0386,43,89,569750.0,138550.0,data\breakthroughcurves\PW-0386_r0043_c0089.png
PW-0391,43,94,570250.0,138550.0,data\breakthroughcurves\PW-0391_r0043_c0094.png
PW-0396,43,99,570750.0,138550.0,data\breakthroughcurves\PW-0396_r0043_c0099.png
PW-0401,43,104,571250.0,138550.0,data\breakthroughcurves\PW-0401_r0043_c0104.png
PW-0406,43,109,571750.0,138550.0,data\breakthroughcurves\PW-0406_r0043_c0109.png
PW-0411,44,32,564050.0,138450.0,data\breakthroughcurves\PW-0411_r0044_c0032.png
PW-0416,44,37,564550.0,138450.0,data\breakthroughcurves\PW-0416_r0044_c0037.png
PW-0421,44,42,565050.0,138450.0,data\breakthroughcurves\PW-0421_r0044_c0042.png
PW-0426,44,47,565550.0,138450.0,data\breakthroughcurves\PW-0426_r0044_c0047.png
PW-0431,44,52,566050.0,138450.0,data\breakthroughcurves\PW-0431_r0044_c0052.png
PW-0436,44,57,566550.0,138450.0,data\breakthroughcurves\PW-0436_r0044_c0057.png
PW-0441,44,62,567050.0,138450.0,data\breakthroughcurves\PW-0441_r0044_c0062.png
PW-0446,44,67,567550.0,138450.0,data\breakthroughcurves\PW-0446_r0044_c0067.png
PW-0451,44,72,568050.0,138450.0,data\breakthroughcurves\PW-0451_r0044_c0072.png
PW-0456,44,77,568550.0,138450.0,data\breakthroughcurves\PW-0456_r0044_c0077.png
PW-0461,44,82,569050.0,138450.0,data\breakthroughcurves\PW-0461_r0044_c0082.png
PW-0466,44,87,569550.0,138450.0,data\breakthroughcurves\PW-0466_r0044_c0087.png
PW-0471,44,92,570050.0,138450.0,data\breakthroughcurves\PW-0471_r0044_c0092.png
PW-0476,44,97,570550.0,138450.0,data\breakthroughcurves\PW-0476_r0044_c0097.png
PW-0481,44,102,571050.0,138450.0,data\breakthroughcurves\PW-0481_r0044_c0102.png
PW-0486,44,107,571550.0,138450.0,data\breakthroughcurves\PW-0486_r0044_c0107.png
PW-0491,44,112,572050.0,138450.0,data\breakthroughcurves\PW-0491_r0044_c0112.png
PW-0496,45,35,564350.0,138350.0,data\breakthroughcurves\PW-0496_r0045_c0035.png
PW-0501,45,40,564850.0,138350.0,data\breakthroughcurves\PW-0501_r0045_c0040.png
PW-0506,45,45,565350.0,138350.0,data\breakthroughcurves\PW-0506_r0045_c0045.png
PW-0511,45,50,565850.0,138350.0,data\breakthroughcurves\PW-0511_r0045_c0050.png
PW-0516,45,55,566350.0,138350.0,data\breakthroughcurves\PW-0516_r0045_c0055.png
PW-0521,45,60,566850.0,138350.0,data\breakthroughcurves\PW-0521_r0045_c0060.png
PW-0526,45,65,567350.0,138350.0,data\breakthroughcurves\PW-0526_r0045_c0065.png
PW-0531,45,70,567850.0,138350.0,data\breakthroughcurves\PW-0531_r0045_c0070.png
PW-0536,45,75,568350.0,138350.0,data\breakthroughcurves\PW-0536_r0045_c0075.png
PW-0541,45,80,568850.0,138350.0,data\breakthroughcurves\PW-0541_r0045_c0080.png
PW-0546,45,85,569350.0,138350.0,data\breakthroughcurves\PW-0546_r0045_c0085.png
PW-0551,45,90,569850.0,138350.0,data\breakthroughcurves\PW-0551_r0045_c0090.png
PW-0556,45,95,570350.0,138350.0,data\breakthroughcurves\PW-0556_r0045_c0095.png
PW-0561,45,100,570850.0,138350.0,data\breakthroughcurves\PW-0561_r0045_c0100.png
PW-0566,45,105,571350.0,138350.0,data\breakthroughcurves\PW-0566_r0045_c0105.png
PW-0571,45,110,571850.0,138350.0,data\breakthroughcurves\PW-0571_r0045_c0110.png
PW-0576,46,33,564150.0,138250.0,data\breakthroughcurves\PW-0576_r0046_c0033.png
PW-0581,46,38,564650.0,138250.0,data\breakthroughcurves\PW-0581_r0046_c0038.png
PW-0586,46,43,565150.0,138250.0,data\breakthroughcurves\PW-0586_r0046_c0043.png
PW-0591,46,48,565650.0,138250.0,data\breakthroughcurves\PW-0591_r0046_c0048.png
PW-0596,46,53,566150.0,138250.0,data\breakthroughcurves\PW-0596_r0046_c0053.png
PW-0601,46,58,566650.0,138250.0,data\breakthroughcurves\PW-0601_r0046_c0058.png
PW-0606,46,63,567150.0,138250.0,data\breakthroughcurves\PW-0606_r0046_c0063.png
PW-0611,46,68,567650.0,138250.0,data\breakthroughcurves\PW-0611_r0046_c0068.png
PW-0616,46,73,568150.0,138250.0,data\breakthroughcurves\PW-0616_r0046_c0073.png
PW-0621,46,78,568650.0,138250.0,data\breakthroughcurves\PW-0621_r0046_c0078.png
PW-0626,46,83,569150.0,138250.0,data\breakthroughcurves\PW-0626_r0046_c0083.png
PW-0631,46,88,569650.0,138250.0,data\breakthroughcurves\PW-0631_r0046_c0088.png
PW-0636,46,93,570150.0,138250.0,data\breakthroughcurves\PW-0636_r0046_c0093.png
PW-0641,46,98,570650.0,138250.0,data\breakthroughcurves\PW-0641_r0046_c0098.png
PW-0646,46,103,571150.0,138250.0,data\breakthroughcurves\PW-0646_r0046_c0103.png
PW-0651,46,108,571650.0,138250.0,data\breakthroughcurves\PW-0651_r0046_c0108.png
PW-0656,46,113,572150.0,138250.0,data\breakthroughcurves\PW-0656_r0046_c0113.png
PW-0661,47,36,564450.0,138150.0,data\breakthroughcurves\PW-0661_r0047_c0036.png
PW-0666,47,41,564950.0,138150.0,data\breakthroughcurves\PW-0666_r0047_c0041.png
PW-0671,47,46,565450.0,138150.0,data\breakthroughcurves\PW-0671_r0047_c0046.png
PW-0676,47,51,565950.0,138150.0,data\breakthroughcurves\PW-0676_r0047_c0051.png
PW-0681,47,56,566450.0,138150.0,data\breakthroughcurves\PW-0681_r0047_c0056.png
PW-0686,47,61,566950.0,138150.0,data\breakthroughcurves\PW-0686_r0047_c0061.png
PW-0691,47,66,567450.0,138150.0,data\breakthroughcurves\PW-0691_r0047_c0066.png
PW-0696,47,71,567950.0,138150.0,data\breakthroughcurves\PW-0696_r0047_c0071.png
PW-0701,47,76,568450.0,138150.0,data\breakthroughcurves\PW-0701_r0047_c0076.png
PW-0706,47,81,568950.0,138150.0,data\breakthroughcurves\PW-0706_r0047_c0081.png
PW-0711,47,86,569450.0,138150.0,data\breakthroughcurves\PW-0711_r0047_c0086.png
PW-0716,47,91,569950.0,138150.0,data\breakthroughcurves\PW-0716_r0047_c0091.png
PW-0721,47,96,570450.0,138150.0,data\breakthroughcurves\PW-0721_r0047_c0096.png
PW-0726,47,101,570950.0,138150.0,data\breakthroughcurves\PW-0726_r0047_c0101.png
PW-0731,47,106,571450.0,138150.0,data\breakthroughcurves\PW-0731_r0047_c0106.png
PW-0736,47,111,571950.0,138150.0,data\breakthroughcurves\PW-0736_r0047_c0111.png
PW-0741,48,34,564250.0,138050.0,data\breakthroughcurves\PW-0741_r0048_c0034.png
PW-0746,48,39,564750.0,138050.0,data\breakthroughcurves\PW-0746_r0048_c0039.png
PW-0751,48,44,565250.0,138050.0,data\breakthroughcurves\PW-0751_r0048_c0044.png
PW-0756,48,49,565750.0,138050.0,data\breakthroughcurves\PW-0756_r0048_c0049.png
PW-0761,48,54,566250.0,138050.0,data\breakthroughcurves\PW-0761_r0048_c0054.png
PW-0766,48,59,566750.0,138050.0,data\breakthroughcurves\PW-0766_r0048_c0059.png
PW-0771,48,64,567250.0,138050.0,data\breakthroughcurves\PW-0771_r0048_c0064.png
PW-0776,48,69,567750.0,138050.0,data\breakthroughcurves\PW-0776_r0048_c0069.png
PW-0781,48,74,568250.0,138050.0,data\breakthroughcurves\PW-0781_r0048_c0074.png
PW-0786,48,79,568750.0,138050.0,data\breakthroughcurves\PW-0786_r0048_c0079.png
PW-0791,48,84,569250.0,138050.0,data\breakthroughcurves\PW-0791_r0048_c0084.png
PW-0796,48,89,569750.0,138050.0,data\breakthroughcurves\PW-0796_r0048_c0089.png
PW-0801,48,94,570250.0,138050.0,data\breakthroughcurves\PW-0801_r0048_c0094.png
PW-0806,48,99,570750.0,138050.0,data\breakthroughcurves\PW-0806_r0048_c0099.png
PW-0811,48,104,571250.0,138050.0,data\breakthroughcurves\PW-0811_r0048_c0104.png
PW-0816,48,109,571750.0,138050.0,data\breakthroughcurves\PW-0816_r0048_c0109.png
PW-0821,49,32,564050.0,137950.0,data\breakthroughcurves\PW-0821_r0049_c0032.png
PW-0826,49,37,564550.0,137950.0,data\breakthroughcurves\PW-0826_r0049_c0037.png
PW-0831,49,42,565050.0,137950.0,data\breakthroughcurves\PW-0831_r0049_c0042.png
PW-0836,49,47,565550.0,137950.0,data\breakthroughcurves\PW-0836_r0049_c0047.png
PW-0841,49,52,566050.0,137950.0,data\breakthroughcurves\PW-0841_r0049_c0052.png
PW-0846,49,57,566550.0,137950.0,data\breakthroughcurves\PW-0846_r0049_c0057.png
PW-0851,49,62,567050.0,137950.0,data\breakthroughcurves\PW-0851_r0049_c0062.png
PW-0856,49,67,567550.0,137950.0,data\breakthroughcurves\PW-0856_r0049_c0067.png
PW-0861,49,72,568050.0,137950.0,data\breakthroughcurves\PW-0861_r0049_c0072.png
PW-0866,49,77,568550.0,137950.0,data\breakthroughcurves\PW-0866_r0049_c0077.png
PW-0871,49,82,569050.0,137950.0,data\breakthroughcurves\PW-0871_r0049_c0082.png
PW-0876,49,87,569550.0,137950.0,data\breakthroughcurves\PW-0876_r0049_c0087.png
PW-0881,49,92,570050.0,137950.0,data\breakthroughcurves\PW-0881_r0049_c0092.png
PW-0886,49,97,570550.0,137950.0,data\breakthroughcurves\PW-0886_r0049_c0097.png
PW-0891,49,102,571050.0,137950.0,data\breakthroughcurves\PW-0891_r0049_c0102.png
PW-0896,49,107,571550.0,137950.0,data\breakthroughcurves\PW-0896_r0049_c0107.png
PW-0901,49,112,572050.0,137950.0,data\breakthroughcurves\PW-0901_r0049_c0112.png
PW-0906,50,35,564350.0,137850.0,data\breakthroughcurves\PW-0906_r0050_c0035.png
PW-0911,50,40,564850.0,137850.0,data\breakthroughcurves\PW-0911_r0050_c0040.png
PW-0916,50,45,565350.0,137850.0,data\breakthroughcurves\PW-0916_r0050_c0045.png
PW-0921,50,50,565850.0,137850.0,data\breakthroughcurves\PW-0921_r0050_c0050.png
PW-0926,50,55,566350.0,137850.0,data\breakthroughcurves\PW-0926_r0050_c0055.png
PW-0931,50,60,566850.0,137850.0,data\breakthroughcurves\PW-0931_r0050_c0060.png
PW-0936,50,65,567350.0,137850.0,data\breakthroughcurves\PW-0936_r0050_c0065.png
PW-0941,50,70,567850.0,137850.0,data\breakthroughcurves\PW-0941_r0050_c0070.png
PW-0946,50,75,568350.0,137850.0,data\breakthroughcurves\PW-0946_r0050_c0075.png
PW-0951,50,80,568850.0,137850.0,data\breakthroughcurves\PW-0951_r0050_c0080.png
PW-0956,50,85,569350.0,137850.0,data\breakthroughcurves\PW-0956_r0050_c0085.png
PW-0961,50,90,569850.0,137850.0,data\breakthroughcurves\PW-0961_r0050_c0090.png
PW-0966,50,95,570350.0,137850.0,data\breakthroughcurves\PW-0966_r0050_c0095.png
PW-0971,50,100,570850.0,137850.0,data\breakthroughcurves\PW-0971_r0050_c0100.png
PW-0976,50,105,571350.0,137850.0,data\breakthroughcurves\PW-0976_r0050_c0105.png
PW-0981,50,110,571850.0,137850.0,data\breakthroughcurves\PW-0981_r0050_c0110.png
PW-0986,51,33,564150.0,137750.0,data\breakthroughcurves\PW-0986_r0051_c0033.png
PW-0991,51,38,564650.0,137750.0,data\breakthroughcurves\PW-0991_r0051_c0038.png
PW-0996,51,43,565150.0,137750.0,data\breakthroughcurves\PW-0996_r0051_c0043.png
PW-1001,51,48,565650.0,137750.0,data\breakthroughcurves\PW-1001_r0051_c0048.png
PW-1006,51,53,566150.0,137750.0,data\breakthroughcurves\PW-1006_r0051_c0053.png
PW-1011,51,58,566650.0,137750.0,data\breakthroughcurves\PW-1011_r0051_c0058.png
PW-1016,51,63,567150.0,137750.0,data\breakthroughcurves\PW-1016_r0051_c0063.png
PW-1021,51,68,567650.0,137750.0,data\breakthroughcurves\PW-1021_r0051_c0068.png
PW-1026,51,73,568150.0,137750.0,data\breakthroughcurves\PW-1026_r0051_c0073.png
PW-1031,51,78,568650.0,137750.0,data\breakthroughcurves\PW-1031_r0051_c0078.png
PW-1036,51,83,569150.0,137750.0,data\breakthroughcurves\PW-1036_r0051_c0083.png
PW-1041,51,88,569650.0,137750.0,data\breakthroughcurves\PW-1041_r0051_c0088.png
PW-1046,51,93,570150.0,137750.0,data\breakthroughcurves\PW-1046_r0051_c0093.png
PW-1051,51,98,570650.0,137750.0,data\breakthroughcurves\PW-1051_r0051_c0098.png
PW-1056,51,103,571150.0,137750.0,data\breakthroughcurves\PW-1056_r0051_c0103.png
PW-1061,51,108,571650.0,137750.0,data\breakthroughcurves\PW-1061_r0051_c0108.png
PW-1066,51,113,572150.0,137750.0,data\breakthroughcurves\PW-1066_r0051_c0113.png
PW-1071,52,36,564450.0,137650.0,data\breakthroughcurves\PW-1071_r0052_c0036.png
PW-1076,52,41,564950.0,137650.0,data\breakthroughcurves\PW-1076_r0052_c0041.png
PW-1081,52,46,565450.0,137650.0,data\breakthroughcurves\PW-1081_r0052_c0046.png
PW-1086,52,51,565950.0,137650.0,data\breakthroughcurves\PW-1086_r0052_c0051.png
PW-1091,52,56,566450.0,137650.0,data\breakthroughcurves\PW-1091_r0052_c0056.png
PW-1096,52,61,566950.0,137650.0,data\breakthroughcurves\PW-1096_r0052_c0061.png
PW-1101,52,66,567450.0,137650.0,data\breakthroughcurves\PW-1101_r0052_c0066.png
PW-1106,52,71,567950.0,137650.0,data\breakthroughcurves\PW-1106_r0052_c0071.png
PW-1111,52,76,568450.0,137650.0,data\breakthroughcurves\PW-1111_r0052_c0076.png
PW-1116,52,81,568950.0,137650.0,data\breakthroughcurves\PW-1116_r0052_c0081.png
PW-1121,52,86,569450.0,137650.0,data\breakthroughcurves\PW-1121_r0052_c0086.png
PW-1126,52,91,569950.0,137650.0,data\breakthroughcurves\PW-1126_r0052_c0091.png
PW-1131,52,96,570450.0,137650.0,data\breakthroughcurves\PW-1131_r0052_c0096.png
PW-1136,52,101,570950.0,137650.0,data\breakthroughcurves\PW-1136_r0052_c0101.png
PW-1141,52,106,571450.0,137650.0,data\breakthroughcurves\PW-1141_r0052_c0106.png
PW-1146,52,111,571950.0,137650.0,data\breakthroughcurves\PW-1146_r0052_c0111.png
PW-1151,53,34,564250.0,137550.0,data\breakthroughcurves\PW-1151_r0053_c0034.png
PW-1156,53,39,564750.0,137550.0,data\breakthroughcurves\PW-1156_r0053_c0039.png
PW-1161,53,44,565250.0,137550.0,data\breakthroughcurves\PW-1161_r0053_c0044.png
PW-1166,53,49,565750.0,137550.0,data\breakthroughcurves\PW-1166_r0053_c0049.png
PW-1171,53,54,566250.0,137550.0,data\breakthroughcurves\PW-1171_r0053_c0054.png
PW-1176,53,59,566750.0,137550.0,data\breakthroughcurves\PW-1176_r0053_c0059.png
PW-1181,53,64,567250.0,137550.0,data\breakthroughcurves\PW-1181_r0053_c0064.png
PW-1186,53,69,567750.0,137550.0,data\breakthroughcurves\PW-1186_r0053_c0069.png
PW-1191,53,74,568250.0,137550.0,data\breakthroughcurves\PW-1191_r0053_c0074.png
PW-1196,53,79,568750.0,137550.0,data\breakthroughcurves\PW-1196_r0053_c0079.png
PW-1201,53,84,569250.0,137550.0,data\breakthroughcurves\PW-1201_r0053_c0084.png
PW-1206,53,89,569750.0,137550.0,data\breakthroughcurves\PW-1206_r0053_c0089.png
PW-1211,53,94,570250.0,137550.0,data\breakthroughcurves\PW-1211_r0053_c0094.png
PW-1216,53,99,570750.0,137550.0,data\breakthroughcurves\PW-1216_r0053_c0099.png
PW-1221,53,104,571250.0,137550.0,data\breakthroughcurves\PW-1221_r0053_c0104.png
PW-1226,53,109,571750.0,137550.0,data\breakthroughcurves\PW-1226_r0053_c0109.png
PW-1231,54,32,564050.0,137450.0,data\breakthroughcurves\PW-1231_r0054_c0032.png
PW-1236,54,37,564550.0,137450.0,data\breakthroughcurves\PW-1236_r0054_c0037.png
PW-1241,54,42,565050.0,137450.0,data\breakthroughcurves\PW-1241_r0054_c0042.png
PW-1246,54,47,565550.0,137450.0,data\breakthroughcurves\PW-1246_r0054_c0047.png
PW-1251,54,52,566050.0,137450.0,data\breakthroughcurves\PW-1251_r0054_c0052.png
PW-1256,54,57,566550.0,137450.0,data\breakthroughcurves\PW-1256_r0054_c0057.png
PW-1261,54,62,567050.0,137450.0,data\breakthroughcurves\PW-1261_r0054_c0062.png
PW-1266,54,67,567550.0,137450.0,data\breakthroughcurves\PW-1266_r0054_c0067.png
PW-1271,54,72,568050.0,137450.0,data\breakthroughcurves\PW-1271_r0054_c0072.png
PW-1276,54,77,568550.0,137450.0,data\breakthroughcurves\PW-1276_r0054_c0077.png
PW-1281,54,82,569050.0,137450.0,data\breakthroughcurves\PW-1281_r0054_c0082.png
PW-1286,54,87,569550.0,137450.0,data\breakthroughcurves\PW-1286_r0054_c0087.png
PW-1291,54,92,570050.0,137450.0,data\breakthroughcurves\PW-1291_r0054_c0092.png
PW-1296,54,97,570550.0,137450.0,data\breakthroughcurves\PW-1296_r0054_c0097.png
PW-1301,54,102,571050.0,137450.0,data\breakthroughcurves\PW-1301_r0054_c0102.png
PW-1306,54,107,571550.0,137450.0,data\breakthroughcurves\PW-1306_r0054_c0107.png
PW-1311,54,112,572050.0,137450.0,data\breakthroughcurves\PW-1311_r0054_c0112.png
PW-1316,55,35,564350.0,137350.0,data\breakthroughcurves\PW-1316_r0055_c0035.png
PW-1321,55,40,564850.0,137350.0,data\breakthroughcurves\PW-1321_r0055_c0040.png
PW-1326,55,45,565350.0,137350.0,data\breakthroughcurves\PW-1326_r0055_c0045.png
PW-1331,55,50,565850.0,137350.0,data\breakthroughcurves\PW-1331_r0055_c0050.png
PW-1336,55,55,566350.0,137350.0,data\breakthroughcurves\PW-1336_r0055_c0055.png
PW-1341,55,60,566850.0,137350.0,data\breakthroughcurves\PW-1341_r0055_c0060.png
PW-1346,55,65,567350.0,137350.0,data\breakthroughcurves\PW-1346_r0055_c0065.png
PW-1351,55,70,567850.0,137350.0,data\breakthroughcurves\PW-1351_r0055_c0070.png
PW-1356,55,75,568350.0,137350.0,data\breakthroughcurves\PW-1356_r0055_c0075.png
PW-1361,55,80,568850.0,137350.0,data\breakthroughcurves\PW-1361_r0055_c0080.png
PW-1366,55,85,569350.0,137350.0,data\breakthroughcurves\PW-1366_r0055_c0085.png
PW-1371,55,90,569850.0,137350.0,data\breakthroughcurves\PW-1371_r0055_c0090.png
PW-1376,55,95,570350.0,137350.0,data\breakthroughcurves\PW-1376_r0055_c0095.png
PW-1381,55,100,570850.0,137350.0,data\breakthroughcurves\PW-1381_r0055_c0100.png
PW-1386,55,105,571350.0,137350.0,data\breakthroughcurves\PW-1386_r0055_c0105.png
PW-1391,55,110,571850.0,137350.0,data\breakthroughcurves\PW-1391_r0055_c0110.png
PW-1396,56,33,564150.0,137250.0,data\breakthroughcurves\PW-1396_r0056_c0033.png
PW-1401,56,38,564650.0,137250.0,data\breakthroughcurves\PW-1401_r0056_c0038.png
PW-1406,56,43,565150.0,137250.0,data\breakthroughcurves\PW-1406_r0056_c0043.png
PW-1411,56,48,565650.0,137250.0,data\breakthroughcurves\PW-1411_r0056_c0048.png
PW-1416,56,53,566150.0,137250.0,data\breakthroughcurves\PW-1416_r0056_c0053.png
PW-1421,56,58,566650.0,137250.0,data\breakthroughcurves\PW-1421_r0056_c0058.png
PW-1426,56,63,567150.0,137250.0,data\breakthroughcurves\PW-1426_r0056_c0063.png
PW-1431,56,68,567650.0,137250.0,data\breakthroughcurves\PW-1431_r0056_c0068.png
PW-1436,56,73,568150.0,137250.0,data\breakthroughcurves\PW-1436_r0056_c0073.png
PW-1441,56,78,568650.0,137250.0,data\breakthroughcurves\PW-1441_r0056_c0078.png
PW-1446,56,83,569150.0,137250.0,data\breakthroughcurves\PW-1446_r0056_c0083.png
PW-1451,56,88,569650.0,137250.0,data\breakthroughcurves\PW-1451_r0056_c0088.png
PW-1456,56,93,570150.0,137250.0,data\breakthroughcurves\PW-1456_r0056_c0093.png
PW-1461,56,98,570650.0,137250.0,data\breakthroughcurves\PW-1461_r0056_c0098.png
PW-1466,56,103,571150.0,137250.0,data\breakthroughcurves\PW-1466_r0056_c0103.png
PW-1471,56,108,571650.0,137250.0,data\breakthroughcurves\PW-1471_r0056_c0108.png
PW-1476,56,113,572150.0,137250.0,data\breakthroughcurves\PW-1476_r0056_c0113.png
PW-1481,57,36,564450.0,137150.0,data\breakthroughcurves\PW-1481_r0057_c0036.png
PW-1486,57,41,564950.0,137150.0,data\breakthroughcurves\PW-1486_r0057_c0041.png
PW-1491,57,46,565450.0,137150.0,data\breakthroughcurves\PW-1491_r0057_c0046.png
PW-1496,57,51,565950.0,137150.0,data\breakthroughcurves\PW-1496_r0057_c0051.png
PW-1501,57,56,566450.0,137150.0,data\breakthroughcurves\PW-1501_r0057_c0056.png
PW-1506,57,61,566950.0,137150.0,data\breakthroughcurves\PW-1506_r0057_c0061.png
PW-1511,57,66,567450.0,137150.0,data\breakthroughcurves\PW-1511_r0057_c0066.png
PW-1516,57,71,567950.0,137150.0,data\breakthroughcurves\PW-1516_r0057_c0071.png
PW-1521,57,76,568450.0,137150.0,data\breakthroughcurves\PW-1521_r0057_c0076.png
PW-1526,57,81,568950.0,137150.0,data\breakthroughcurves\PW-1526_r0057_c0081.png
PW-1531,57,86,569450.0,137150.0,data\breakthroughcurves\PW-1531_r0057_c0086.png
PW-1536,57,91,569950.0,137150.0,data\breakthroughcurves\PW-1536_r0057_c0091.png
PW-1541,57,96,570450.0,137150.0,data\breakthroughcurves\PW-1541_r0057_c0096.png
PW-1546,57,101,570950.0,137150.0,data\breakthroughcurves\PW-1546_r0057_c0101.png
PW-1551,57,106,571450.0,137150.0,data\breakthroughcurves\PW-1551_r0057_c0106.png
PW-1556,57,111,571950.0,137150.0,data\breakthroughcurves\PW-1556_r0057_c0111.png
PW-1561,58,34,564250.0,137050.0,data\breakthroughcurves\PW-1561_r0058_c0034.png
PW-1566,58,39,564750.0,137050.0,data\breakthroughcurves\PW-1566_r0058_c0039.png
PW-1571,58,44,565250.0,137050.0,data\breakthroughcurves\PW-1571_r0058_c0044.png
PW-1576,58,49,565750.0,137050.0,data\breakthroughcurves\PW-1576_r0058_c0049.png
PW-1581,58,54,566250.0,137050.0,data\breakthroughcurves\PW-1581_r0058_c0054.png
PW-1586,58,59,566750.0,137050.0,data\breakthroughcurves\PW-1586_r0058_c0059.png
PW-1591,58,64,567250.0,137050.0,data\breakthroughcurves\PW-1591_r0058_c0064.png
PW-1596,58,69,567750.0,137050.0,data\breakthroughcurves\PW-1596_r0058_c0069.png
PW-1601,58,74,568250.0,137050.0,data\breakthroughcurves\PW-1601_r0058_c0074.png
PW-1606,58,79,568750.0,137050.0,data\breakthroughcurves\PW-1606_r0058_c0079.png
PW-1611,58,84,569250.0,137050.0,data\breakthroughcurves\PW-1611_r0058_c0084.png
PW-1616,58,89,569750.0,137050.0,data\breakthroughcurves\PW-1616_r0058_c0089.png
PW-1621,58,94,570250.0,137050.0,data\breakthroughcurves\PW-1621_r0058_c0094.png
PW-1626,58,99,570750.0,137050.0,data\breakthroughcurves\PW-1626_r0058_c0099.png
PW-1631,58,104,571250.0,137050.0,data\breakthroughcurves\PW-1631_r0058_c0104.png
PW-1636,58,109,571750.0,137050.0,data\breakthroughcurves\PW-1636_r0058_c0109.png
PW-1641,59,32,564050.0,136950.0,data\breakthroughcurves\PW-1641_r0059_c0032.png
PW-1646,59,37,564550.0,136950.0,data\breakthroughcurves\PW-1646_r0059_c0037.png
PW-1651,59,42,565050.0,136950.0,data\breakthroughcurves\PW-1651_r0059_c0042.png
PW-1656,59,47,565550.0,136950.0,data\breakthroughcurves\PW-1656_r0059_c0047.png
PW-1661,59,52,566050.0,136950.0,data\breakthroughcurves\PW-1661_r0059_c0052.png
PW-1666,59,57,566550.0,136950.0,data\breakthroughcurves\PW-1666_r0059_c0057.png
PW-1671,59,62,567050.0,136950.0,data\breakthroughcurves\PW-1671_r0059_c0062.png
PW-1676,59,67,567550.0,136950.0,data\breakthroughcurves\PW-1676_r0059_c0067.png
PW-1681,59,72,568050.0,136950.0,data\breakthroughcurves\PW-1681_r0059_c0072.png
PW-1686,59,77,568550.0,136950.0,data\breakthroughcurves\PW-1686_r0059_c0077.png
PW-1691,59,82,569050.0,136950.0,data\breakthroughcurves\PW-1691_r0059_c0082.png
PW-1696,59,87,569550.0,136950.0,data\breakthroughcurves\PW-1696_r0059_c0087.png
PW-1701,59,92,570050.0,136950.0,data\breakthroughcurves\PW-1701_r0059_c0092.png
PW-1706,59,97,570550.0,136950.0,data\breakthroughcurves\PW-1706_r0059_c0097.png
PW-1711,59,102,571050.0,136950.0,data\breakthroughcurves\PW-1711_r0059_c0102.png
PW-1716,59,107,571550.0,136950.0,data\breakthroughcurves\PW-1716_r0059_c0107.png
PW-1721,59,112,572050.0,136950.0,data\breakthroughcurves\PW-1721_r0059_c0112.png
PW-1726,60,35,564350.0,136850.0,data\breakthroughcurves\PW-1726_r0060_c0035.png
PW-1731,60,40,564850.0,136850.0,data\breakthroughcurves\PW-1731_r0060_c0040.png
PW-1736,60,45,565350.0,136850.0,data\breakthroughcurves\PW-1736_r0060_c0045.png
PW-1741,60,50,565850.0,136850.0,data\breakthroughcurves\PW-1741_r0060_c0050.png
PW-1746,60,55,566350.0,136850.0,data\breakthroughcurves\PW-1746_r0060_c0055.png
PW-1751,60,60,566850.0,136850.0,data\breakthroughcurves\PW-1751_r0060_c0060.png
PW-1756,60,65,567350.0,136850.0,data\breakthroughcurves\PW-1756_r0060_c0065.png
PW-1761,60,70,567850.0,136850.0,data\breakthroughcurves\PW-1761_r0060_c0070.png
PW-1766,60,75,568350.0,136850.0,data\breakthroughcurves\PW-1766_r0060_c0075.png
PW-1771,60,80,568850.0,136850.0,data\breakthroughcurves\PW-1771_r0060_c0080.png
PW-1776,60,85,569350.0,136850.0,data\breakthroughcurves\PW-1776_r0060_c0085.png
PW-1781,60,90,569850.0,136850.0,data\breakthroughcurves\PW-1781_r0060_c0090.png
PW-1786,60,95,570350.0,136850.0,data\breakthroughcurves\PW-1786_r0060_c0095.png
PW-1791,60,100,570850.0,136850.0,data\breakthroughcurves\PW-1791_r0060_c0100.png
PW-1796,60,105,571350.0,136850.0,data\breakthroughcurves\PW-1796_r0060_c0105.png
PW-1801,60,110,571850.0,136850.0,data\breakthroughcurves\PW-1801_r0060_c0110.png
PW-1806,61,33,564150.0,136750.0,data\breakthroughcurves\PW-1806_r0061_c0033.png
PW-1811,61,38,564650.0,136750.0,data\breakthroughcurves\PW-1811_r0061_c0038.png
PW-1816,61,43,565150.0,136750.0,data\breakthroughcurves\PW-1816_r0061_c0043.png
PW-1821,61,48,565650.0,136750.0,data\breakthroughcurves\PW-1821_r0061_c0048.png
PW-1826,61,53,566150.0,136750.0,data\breakthroughcurves\PW-1826_r0061_c0053.png
PW-1831,61,58,566650.0,136750.0,data\breakthroughcurves\PW-1831_r0061_c0058.png
PW-1836,61,63,567150.0,136750.0,data\breakthroughcurves\PW-1836_r0061_c0063.png
PW-1841,61,68,567650.0,136750.0,data\breakthroughcurves\PW-1841_r0061_c0068.png
PW-1846,61,73,568150.0,136750.0,data\breakthroughcurves\PW-1846_r0061_c0073.png
PW-1851,61,78,568650.0,136750.0,data\breakthroughcurves\PW-1851_r0061_c0078.png
PW-1856,61,83,569150.0,136750.0,data\breakthroughcurves\PW-1856_r0061_c0083.png
PW-1861,61,88,569650.0,136750.0,data\breakthroughcurves\PW-1861_r0061_c0088.png
PW-1866,61,93,570150.0,136750.0,data\breakthroughcurves\PW-1866_r0061_c0093.png
PW-1871,61,98,570650.0,136750.0,data\breakthroughcurves\PW-1871_r0061_c0098.png
PW-1876,61,103,571150.0,136750.0,data\breakthroughcurves\PW-1876_r0061_c0103.png
PW-1881,61,108,571650.0,136750.0,data\breakthroughcurves\PW-1881_r0061_c0108.png
PW-1886,61,113,572150.0,136750.0,data\breakthroughcurves\PW-1886_r0061_c0113.png
PW-1891,62,36,564450.0,136650.0,data\breakthroughcurves\PW-1891_r0062_c0036.png
PW-1896,62,41,564950.0,136650.0,data\breakthroughcurves\PW-1896_r0062_c0041.png
PW-1901,62,46,565450.0,136650.0,data\breakthroughcurves\PW-1901_r0062_c0046.png
PW-1906,62,51,565950.0,136650.0,data\breakthroughcurves\PW-1906_r0062_c0051.png
PW-1911,62,56,566450.0,136650.0,data\breakthroughcurves\PW-1911_r0062_c0056.png
PW-1916,62,61,566950.0,136650.0,data\breakthroughcurves\PW-1916_r0062_c0061.png
PW-1921,62,66,567450.0,136650.0,data\breakthroughcurves\PW-1921_r0062_c0066.png
PW-1926,62,71,567950.0,136650.0,data\breakthroughcurves\PW-1926_r0062_c0071.png
PW-1931,62,76,568450.0,136650.0,data\breakthroughcurves\PW-1931_r0062_c0076.png
PW-1936,62,81,568950.0,136650.0,data\breakthroughcurves\PW-1936_r0062_c0081.png
PW-1941,62,86,569450.0,136650.0,data\breakthroughcurves\PW-1941_r0062_c0086.png
PW-1946,62,91,569950.0,136650.0,data\breakthroughcurves\PW-1946_r0062_c0091.png
PW-1951,62,96,570450.0,136650.0,data\breakthroughcurves\PW-1951_r0062_c0096.png
PW-1956,62,101,570950.0,136650.0,data\breakthroughcurves\PW-1956_r0062_c0101.png
PW-1961,62,106,571450.0,136650.0,data\breakthroughcurves\PW-1961_r0062_c0106.png
PW-1966,62,111,571950.0,136650.0,data\breakthroughcurves\PW-1966_r0062_c0111.png
PW-1971,63,34,564250.0,136550.0,data\breakthroughcurves\PW-1971_r0063_c0034.png
PW-1976,63,39,564750.0,136550.0,data\breakthroughcurves\PW-1976_r0063_c0039.png
PW-1981,63,44,565250.0,136550.0,data\breakthroughcurves\PW-1981_r0063_c0044.png
PW-1986,63,49,565750.0,136550.0,data\breakthroughcurves\PW-1986_r0063_c0049.png
PW-1991,63,54,566250.0,136550.0,data\breakthroughcurves\PW-1991_r0063_c0054.png
PW-1996,63,59,566750.0,136550.0,data\breakthroughcurves\PW-1996_r0063_c0059.png
PW-2001,63,64,567250.0,136550.0,data\breakthroughcurves\PW-2001_r0063_c0064.png
PW-2006,63,69,567750.0,136550.0,data\breakthroughcurves\PW-2006_r0063_c0069.png
PW-2011,63,74,568250.0,136550.0,data\breakthroughcurves\PW-2011_r0063_c0074.png
PW-2016,63,79,568750.0,136550.0,data\breakthroughcurves\PW-2016_r0063_c0079.png
PW-2021,63,84,569250.0,136550.0,data\breakthroughcurves\PW-2021_r0063_c0084.png
PW-2026,63,89,569750.0,136550.0,data\breakthroughcurves\PW-2026_r0063_c0089.png
PW-2031,63,94,570250.0,136550.0,data\breakthroughcurves\PW-2031_r0063_c0094.png
PW-2036,63,99,570750.0,136550.0,data\breakthroughcurves\PW-2036_r0063_c0099.png
PW-2041,63,104,571250.0,136550.0,data\breakthroughcurves\PW-2041_r0063_c0104.png
PW-2046,63,109,571750.0,136550.0,data\breakthroughcurves\PW-2046_r0063_c0109.png
PW-2051,64,32,564050.0,136450.0,data\breakthroughcurves\PW-2051_r0064_c0032.png
PW-2056,64,37,564550.0,136450.0,data\breakthroughcurves\PW-2056_r0064_c0037.png
PW-2061,64,42,565050.0,136450.0,data\breakthroughcurves\PW-2061_r0064_c0042.png
PW-2066,64,47,565550.0,136450.0,data\breakthroughcurves\PW-2066_r0064_c0047.png
PW-2071,64,52,566050.0,136450.0,data\breakthroughcurves\PW-2071_r0064_c0052.png
PW-2076,64,57,566550.0,136450.0,data\breakthroughcurves\PW-2076_r0064_c0057.png
PW-2081,64,62,567050.0,136450.0,data\breakthroughcurves\PW-2081_r0064_c0062.png
PW-2086,64,67,567550.0,136450.0,data\breakthroughcurves\PW-2086_r0064_c0067.png
PW-2091,64,72,568050.0,136450.0,data\breakthroughcurves\PW-2091_r0064_c0072.png
PW-2096,64,77,568550.0,136450.0,data\breakthroughcurves\PW-2096_r0064_c0077.png
PW-2101,64,82,569050.0,136450.0,data\breakthroughcurves\PW-2101_r0064_c0082.png
PW-2106,64,87,569550.0,136450.0,data\breakthroughcurves\PW-2106_r0064_c0087.png
PW-2111,64,92,570050.0,136450.0,data\breakthroughcurves\PW-2111_r0064_c0092.png
PW-2116,64,97,570550.0,136450.0,data\breakthroughcurves\PW-2116_r0064_c0097.png
PW-2121,64,102,571050.0,136450.0,data\breakthroughcurves\PW-2121_r0064_c0102.png
PW-2126,64,107,571550.0,136450.0,data\breakthroughcurves\PW-2126_r0064_c0107.png
PW-2131,64,112,572050.0,136450.0,data\breakthroughcurves\PW-2131_r0064_c0112.png
PW-2136,65,35,564350.0,136350.0,data\breakthroughcurves\PW-2136_r0065_c0035.png
PW-2141,65,40,564850.0,136350.0,data\breakthroughcurves\PW-2141_r0065_c0040.png
PW-2146,65,45,565350.0,136350.0,data\breakthroughcurves\PW-2146_r0065_c0045.png
PW-2151,65,50,565850.0,136350.0,data\breakthroughcurves\PW-2151_r0065_c0050.png
PW-2156,65,55,566350.0,136350.0,data\breakthroughcurves\PW-2156_r0065_c0055.png
PW-2161,65,60,566850.0,136350.0,data\breakthroughcurves\PW-2161_r0065_c0060.png
PW-2166,65,65,567350.0,136350.0,data\breakthroughcurves\PW-2166_r0065_c0065.png
PW-2171,65,70,567850.0,136350.0,data\breakthroughcurves\PW-2171_r0065_c0070.png
PW-2176,65,75,568350.0,136350.0,data\breakthroughcurves\PW-2176_r0065_c0075.png
PW-2181,65,80,568850.0,136350.0,data\breakthroughcurves\PW-2181_r0065_c0080.png
PW-2186,65,85,569350.0,136350.0,data\breakthroughcurves\PW-2186_r0065_c0085.png
PW-2191,65,90,569850.0,136350.0,data\breakthroughcurves\PW-2191_r0065_c0090.png
PW-2196,65,95,570350.0,136350.0,data\breakthroughcurves\PW-2196_r0065_c0095.png
PW-2201,65,100,570850.0,136350.0,data\breakthroughcurves\PW-2201_r0065_c0100.png
PW-2206,65,105,571350.0,136350.0,data\breakthroughcurves\PW-2206_r0065_c0105.png
PW-2211,65,110,571850.0,136350.0,data\breakthroughcurves\PW-2211_r0065_c0110.png
PW-2216,66,33,564150.0,136250.0,data\breakthroughcurves\PW-2216_r0066_c0033.png
PW-2221,66,38,564650.0,136250.0,data\breakthroughcurves\PW-2221_r0066_c0038.png
PW-2226,66,43,565150.0,136250.0,data\breakthroughcurves\PW-2226_r0066_c0043.png
PW-2231,66,48,565650.0,136250.0,data\breakthroughcurves\PW-2231_r0066_c0048.png
PW-2236,66,53,566150.0,136250.0,data\breakthroughcurves\PW-2236_r0066_c0053.png
PW-2241,66,58,566650.0,136250.0,data\breakthroughcurves\PW-2241_r0066_c0058.png
PW-2246,66,63,567150.0,136250.0,data\breakthroughcurves\PW-2246_r0066_c0063.png
PW-2251,66,68,567650.0,136250.0,data\breakthroughcurves\PW-2251_r0066_c0068.png
PW-2256,66,73,568150.0,136250.0,data\breakthroughcurves\PW-2256_r0066_c0073.png
PW-2261,66,78,568650.0,136250.0,data\breakthroughcurves\PW-2261_r0066_c0078.png
PW-2266,66,83,569150.0,136250.0,data\breakthroughcurves\PW-2266_r0066_c0083.png
PW-2271,66,88,569650.0,136250.0,data\breakthroughcurves\PW-2271_r0066_c0088.png
PW-2276,66,93,570150.0,136250.0,data\breakthroughcurves\PW-2276_r0066_c0093.png
PW-2281,66,98,570650.0,136250.0,data\breakthroughcurves\PW-2281_r0066_c0098.png
PW-2286,66,103,571150.0,136250.0,data\breakthroughcurves\PW-2286_r0066_c0103.png
PW-2291,66,108,571650.0,136250.0,data\breakthroughcurves\PW-2291_r0066_c0108.png
PW-2296,66,113,572150.0,136250.0,data\breakthroughcurves\PW-2296_r0066_c0113.png
PW-2301,67,36,564450.0,136150.0,data\breakthroughcurves\PW-2301_r0067_c0036.png
PW-2306,67,41,564950.0,136150.0,data\breakthroughcurves\PW-2306_r0067_c0041.png
PW-2311,67,46,565450.0,136150.0,data\breakthroughcurves\PW-2311_r0067_c0046.png
PW-2316,67,51,565950.0,136150.0,data\breakthroughcurves\PW-2316_r0067_c0051.png
PW-2321,67,56,566450.0,136150.0,data\breakthroughcurves\PW-2321_r0067_c0056.png
PW-2326,67,61,566950.0,136150.0,data\breakthroughcurves\PW-2326_r0067_c0061.png
PW-2331,67,66,567450.0,136150.0,data\breakthroughcurves\PW-2331_r0067_c0066.png
PW-2336,67,71,567950.0,136150.0,data\breakthroughcurves\PW-2336_r0067_c0071.png
PW-2341,67,76,568450.0,136150.0,data\breakthroughcurves\PW-2341_r0067_c0076.png
PW-2346,67,81,568950.0,136150.0,data\breakthroughcurves\PW-2346_r0067_c0081.png
PW-2351,67,86,569450.0,136150.0,data\breakthroughcurves\PW-2351_r0067_c0086.png
PW-2356,67,91,569950.0,136150.0,data\breakthroughcurves\PW-2356_r0067_c0091.png
PW-2361,67,96,570450.0,136150.0,data\breakthroughcurves\PW-2361_r0067_c0096.png
PW-2366,67,101,570950.0,136150.0,data\breakthroughcurves\PW-2366_r0067_c0101.png
PW-2371,67,106,571450.0,136150.0,data\breakthroughcurves\PW-2371_r0067_c0106.png
PW-2376,67,111,571950.0,136150.0,data\breakthroughcurves\PW-2376_r0067_c0111.png
PW-2381,68,34,564250.0,136050.0,data\breakthroughcurves\PW-2381_r0068_c0034.png
PW-2386,68,39,564750.0,136050.0,data\breakthroughcurves\PW-2386_r0068_c0039.png
PW-2391,68,44,565250.0,136050.0,data\breakthroughcurves\PW-2391_r0068_c0044.png
PW-2396,68,49,565750.0,136050.0,data\breakthroughcurves\PW-2396_r0068_c0049.png
PW-2401,68,54,566250.0,136050.0,data\breakthroughcurves\PW-2401_r0068_c0054.png
PW-2406,68,59,566750.0,136050.0,data\breakthroughcurves\PW-2406_r0068_c0059.png
PW-2411,68,64,567250.0,136050.0,data\breakthroughcurves\PW-2411_r0068_c0064.png
PW-2416,68,69,567750.0,136050.0,data\breakthroughcurves\PW-2416_r0068_c0069.png
PW-2421,68,74,568250.0,136050.0,data\breakthroughcurves\PW-2421_r0068_c0074.png
PW-2426,68,79,568750.0,136050.0,data\breakthroughcurves\PW-2426_r0068_c0079.png
PW-2431,68,84,569250.0,136050.0,data\breakthroughcurves\PW-2431_r0068_c0084.png
PW-2436,68,89,569750.0,136050.0,data\breakthroughcurves\PW-2436_r0068_c0089.png
PW-2441,68,94,570250.0,136050.0,data\breakthroughcurves\PW-2441_r0068_c0094.png
PW-2446,68,99,570750.0,136050.0,data\breakthroughcurves\PW-2446_r0068_c0099.png
PW-2451,68,104,571250.0,136050.0,data\breakthroughcurves\PW-2451_r0068_c0104.png
PW-2456,68,109,571750.0,136050.0,data\breakthroughcurves\PW-2456_r0068_c0109.png
PW-2461,69,32,564050.0,135950.0,data\breakthroughcurves\PW-2461_r0069_c0032.png
PW-2466,69,37,564550.0,135950.0,data\breakthroughcurves\PW-2466_r0069_c0037.png
PW-2471,69,42,565050.0,135950.0,data\breakthroughcurves\PW-2471_r0069_c0042.png
PW-2476,69,47,565550.0,135950.0,data\breakthroughcurves\PW-2476_r0069_c0047.png
PW-2481,69,52,566050.0,135950.0,data\breakthroughcurves\PW-2481_r0069_c0052.png
PW-2486,69,57,566550.0,135950.0,data\breakthroughcurves\PW-2486_r0069_c0057.png
PW-2491,69,62,567050.0,135950.0,data\breakthroughcurves\PW-2491_r0069_c0062.png
PW-2496,69,67,567550.0,135950.0,data\breakthroughcurves\PW-2496_r0069_c0067.png
PW-2501,69,72,568050.0,135950.0,data\breakthroughcurves\PW-2501_r0069_c0072.png
PW-2506,69,77,568550.0,135950.0,data\breakthroughcurves\PW-2506_r0069_c0077.png
PW-2511,69,82,569050.0,135950.0,data\breakthroughcurves\PW-2511_r0069_c0082.png
PW-2516,69,87,569550.0,135950.0,data\breakthroughcurves\PW-2516_r0069_c0087.png
PW-2521,69,92,570050.0,135950.0,data\breakthroughcurves\PW-2521_r0069_c0092.png
PW-2526,69,97,570550.0,135950.0,data\breakthroughcurves\PW-2526_r0069_c0097.png
PW-2531,69,102,571050.0,135950.0,data\breakthroughcurves\PW-2531_r0069_c0102.png
PW-2536,69,107,571550.0,135950.0,data\breakthroughcurves\PW-2536_r0069_c0107.png
PW-2541,69,112,572050.0,135950.0,data\breakthroughcurves\PW-2541_r0069_c0112.png
PW-2546,70,35,564350.0,135850.0,data\breakthroughcurves\PW-2546_r0070_c0035.png
PW-2551,70,40,564850.0,135850.0,data\breakthroughcurves\PW-2551_r0070_c0040.png
PW-2556,70,45,565350.0,135850.0,data\breakthroughcurves\PW-2556_r0070_c0045.png
PW-2561,70,50,565850.0,135850.0,data\breakthroughcurves\PW-2561_r0070_c0050.png
PW-2566,70,55,566350.0,135850.0,data\breakthroughcurves\PW-2566_r0070_c0055.png
PW-2571,70,60,566850.0,135850.0,data\breakthroughcurves\PW-2571_r0070_c0060.png
PW-2576,70,65,567350.0,135850.0,data\breakthroughcurves\PW-2576_r0070_c0065.png
PW-2581,70,70,567850.0,135850.0,data\breakthroughcurves\PW-2581_r0070_c0070.png
PW-2586,70,75,568350.0,135850.0,data\breakthroughcurves\PW-2586_r0070_c0075.png
PW-2591,70,80,568850.0,135850.0,data\breakthroughcurves\PW-2591_r0070_c0080.png
PW-2596,70,85,569350.0,135850.0,data\breakthroughcurves\PW-2596_r0070_c0085.png
PW-2601,70,90,569850.0,135850.0,data\breakthroughcurves\PW-2601_r0070_c0090.png
PW-2606,70,95,570350.0,135850.0,data\breakthroughcurves\PW-2606_r0070_c0095.png
PW-2611,70,100,570850.0,135850.0,data\breakthroughcurves\PW-2611_r0070_c0100.png
PW-2616,70,105,571350.0,135850.0,data\breakthroughcurves\PW-2616_r0070_c0105.png
PW-2621,70,110,571850.0,135850.0,data\breakthroughcurves\PW-2621_r0070_c0110.png
PW-2626,71,33,564150.0,135750.0,data\breakthroughcurves\PW-2626_r0071_c0033.png
PW-2631,71,38,564650.0,135750.0,data\breakthroughcurves\PW-2631_r0071_c0038.png
PW-2636,71,43,565150.0,135750.0,data\breakthroughcurves\PW-2636_r0071_c0043.png
PW-2641,71,48,565650.0,135750.0,data\breakthroughcurves\PW-2641_r0071_c0048.png
PW-2646,71,53,566150.0,135750.0,data\breakthroughcurves\PW-2646_r0071_c0053.png
PW-2651,71,58,566650.0,135750.0,data\breakthroughcurves\PW-2651_r0071_c0058.png
PW-2656,71,63,567150.0,135750.0,data\breakthroughcurves\PW-2656_r0071_c0063.png
PW-2661,71,68,567650.0,135750.0,data\breakthroughcurves\PW-2661_r0071_c0068.png
PW-2666,71,73,568150.0,135750.0,data\breakthroughcurves\PW-2666_r0071_c0073.png
PW-2671,71,78,568650.0,135750.0,data\breakthroughcurves\PW-2671_r0071_c0078.png
PW-2676,71,83,569150.0,135750.0,data\breakthroughcurves\PW-2676_r0071_c0083.png
PW-2681,71,88,569650.0,135750.0,data\breakthroughcurves\PW-2681_r0071_c0088.png
PW-2686,71,93,570150.0,135750.0,data\breakthroughcurves\PW-2686_r0071_c0093.png
PW-2691,71,98,570650.0,135750.0,data\breakthroughcurves\PW-2691_r0071_c0098.png
PW-2696,71,103,571150.0,135750.0,data\breakthroughcurves\PW-2696_r0071_c0103.png
PW-2701,71,108,571650.0,135750.0,data\breakthroughcurves\PW-2701_r0071_c0108.png
PW-2706,71,113,572150.0,135750.0,data\breakthroughcurves\PW-2706_r0071_c0113.png
PW-2711,72,36,564450.0,135650.0,data\breakthroughcurves\PW-2711_r0072_c0036.png
PW-2716,72,41,564950.0,135650.0,data\breakthroughcurves\PW-2716_r0072_c0041.png
PW-2721,72,46,565450.0,135650.0,data\breakthroughcurves\PW-2721_r0072_c0046.png
PW-2726,72,51,565950.0,135650.0,data\breakthroughcurves\PW-2726_r0072_c0051.png
PW-2731,72,56,566450.0,135650.0,data\breakthroughcurves\PW-2731_r0072_c0056.png
PW-2736,72,61,566950.0,135650.0,data\breakthroughcurves\PW-2736_r0072_c0061.png
PW-2741,72,66,567450.0,135650.0,data\breakthroughcurves\PW-2741_r0072_c0066.png
PW-2746,72,71,567950.0,135650.0,data\breakthroughcurves\PW-2746_r0072_c0071.png
PW-2751,72,76,568450.0,135650.0,data\breakthroughcurves\PW-2751_r0072_c0076.png
PW-2756,72,81,568950.0,135650.0,data\breakthroughcurves\PW-2756_r0072_c0081.png
PW-2761,72,86,569450.0,135650.0,data\breakthroughcurves\PW-2761_r0072_c0086.png
PW-2766,72,91,569950.0,135650.0,data\breakthroughcurves\PW-2766_r0072_c0091.png
PW-2771,72,96,570450.0,135650.0,data\breakthroughcurves\PW-2771_r0072_c0096.png
PW-2776,72,101,570950.0,135650.0,data\breakthroughcurves\PW-2776_r0072_c0101.png
PW-2781,72,106,571450.0,135650.0,data\breakthroughcurves\PW-2781_r0072_c0106.png
PW-2786,72,111,571950.0,135650.0,data\breakthroughcurves\PW-2786_r0072_c0111.png
PW-2791,73,34,564250.0,135550.0,data\breakthroughcurves\PW-2791_r0073_c0034.png
PW-2796,73,39,564750.0,135550.0,data\breakthroughcurves\PW-2796_r0073_c0039.png
PW-2801,73,44,565250.0,135550.0,data\breakthroughcurves\PW-2801_r0073_c0044.png
PW-2806,73,49,565750.0,135550.0,data\breakthroughcurves\PW-2806_r0073_c0049.png
PW-2811,73,54,566250.0,135550.0,data\breakthroughcurves\PW-2811_r0073_c0054.png
PW-2816,73,59,566750.0,135550.0,data\breakthroughcurves\PW-2816_r0073_c0059.png
PW-2821,73,64,567250.0,135550.0,data\breakthroughcurves\PW-2821_r0073_c0064.png
PW-2826,73,69,567750.0,135550.0,data\breakthroughcurves\PW-2826_r0073_c0069.png
PW-2831,73,74,568250.0,135550.0,data\breakthroughcurves\PW-2831_r0073_c0074.png
PW-2836,73,79,568750.0,135550.0,data\breakthroughcurves\PW-2836_r0073_c0079.png
PW-2841,73,84,569250.0,135550.0,data\breakthroughcurves\PW-2841_r0073_c0084.png
PW-2846,73,89,569750.0,135550.0,data\breakthroughcurves\PW-2846_r0073_c0089.png
PW-2851,73,94,570250.0,135550.0,data\breakthroughcurves\PW-2851_r0073_c0094.png
PW-2856,73,99,570750.0,135550.0,data\breakthroughcurves\PW-2856_r0073_c0099.png
PW-2861,73,104,571250.0,135550.0,data\breakthroughcurves\PW-2861_r0073_c0104.png
PW-2866,73,109,571750.0,135550.0,data\breakthroughcurves\PW-2866_r0073_c0109.png
PW-2871,74,32,564050.0,135450.0,data\breakthroughcurves\PW-2871_r0074_c0032.png
PW-2876,74,37,564550.0,135450.0,data\breakthroughcurves\PW-2876_r0074_c0037.png
PW-2881,74,42,565050.0,135450.0,data\breakthroughcurves\PW-2881_r0074_c0042.png
PW-2886,74,47,565550.0,135450.0,data\breakthroughcurves\PW-2886_r0074_c0047.png
PW-2891,74,52,566050.0,135450.0,data\breakthroughcurves\PW-2891_r0074_c0052.png
PW-2896,74,57,566550.0,135450.0,data\breakthroughcurves\PW-2896_r0074_c0057.png
PW-2901,74,62,567050.0,135450.0,data\breakthroughcurves\PW-2901_r0074_c0062.png
PW-2906,74,67,567550.0,135450.0,data\breakthroughcurves\PW-2906_r0074_c0067.png
PW-2911,74,72,568050.0,135450.0,data\breakthroughcurves\PW-2911_r0074_c0072.png
PW-2916,74,77,568550.0,135450.0,data\breakthroughcurves\PW-2916_r0074_c0077.png
PW-2921,74,82,569050.0,135450.0,data\breakthroughcurves\PW-2921_r0074_c0082.png
PW-2926,74,87,569550.0,135450.0,data\breakthroughcurves\PW-2926_r0074_c0087.png
PW-2931,74,92,570050.0,135450.0,data\breakthroughcurves\PW-2931_r0074_c0092.png
PW-2936,74,97,570550.0,135450.0,data\breakthroughcurves\PW-2936_r0074_c0097.png
PW-2941,74,102,571050.0,135450.0,data\breakthroughcurves\PW-2941_r0074_c0102.png
PW-2946,74,107,571550.0,135450.0,data\breakthroughcurves\PW-2946_r0074_c0107.png
PW-2951,74,112,572050.0,135450.0,data\breakthroughcurves\PW-2951_r0074_c0112.png
PW-2956,75,35,564350.0,135350.0,data\breakthroughcurves\PW-2956_r0075_c0035.png
PW-2961,75,40,564850.0,135350.0,data\breakthroughcurves\PW-2961_r0075_c0040.png
PW-2966,75,45,565350.0,135350.0,data\breakthroughcurves\PW-2966_r0075_c0045.png
PW-2971,75,50,565850.0,135350.0,data\breakthroughcurves\PW-2971_r0075_c0050.png
PW-2976,75,55,566350.0,135350.0,data\breakthroughcurves\PW-2976_r0075_c0055.png
PW-2981,75,60,566850.0,135350.0,data\breakthroughcurves\PW-2981_r0075_c0060.png
PW-2986,75,65,567350.0,135350.0,data\breakthroughcurves\PW-2986_r0075_c0065.png
PW-2991,75,70,567850.0,135350.0,data\breakthroughcurves\PW-2991_r0075_c0070.png
PW-2996,75,75,568350.0,135350.0,data\breakthroughcurves\PW-2996_r0075_c0075.png
PW-3001,75,80,568850.0,135350.0,data\breakthroughcurves\PW-3001_r0075_c0080.png
PW-3006,75,85,569350.0,135350.0,data\breakthroughcurves\PW-3006_r0075_c0085.png
PW-3011,75,90,569850.0,135350.0,data\breakthroughcurves\PW-3011_r0075_c0090.png
PW-3016,75,95,570350.0,135350.0,data\breakthroughcurves\PW-3016_r0075_c0095.png
PW-3021,75,100,570850.0,135350.0,data\breakthroughcurves\PW-3021_r0075_c0100.png
PW-3026,75,105,571350.0,135350.0,data\breakthroughcurves\PW-3026_r0075_c0105.png
PW-3031,75,110,571850.0,135350.0,data\breakthroughcurves\PW-3031_r0075_c0110.png
PW-3036,76,33,564150.0,135250.0,data\breakthroughcurves\PW-3036_r0076_c0033.png
PW-3041,76,38,564650.0,135250.0,data\breakthroughcurves\PW-3041_r0076_c0038.png
PW-3046,76,43,565150.0,135250.0,data\breakthroughcurves\PW-3046_r0076_c0043.png
PW-3051,76,48,565650.0,135250.0,data\breakthroughcurves\PW-3051_r0076_c0048.png
PW-3056,76,53,566150.0,135250.0,data\breakthroughcurves\PW-3056_r0076_c0053.png
PW-3061,76,58,566650.0,135250.0,data\breakthroughcurves\PW-3061_r0076_c0058.png
PW-3066,76,63,567150.0,135250.0,data\breakthroughcurves\PW-3066_r0076_c0063.png
PW-3071,76,68,567650.0,135250.0,data\breakthroughcurves\PW-3071_r0076_c0068.png
PW-3076,76,73,568150.0,135250.0,data\breakthroughcurves\PW-3076_r0076_c0073.png
PW-3081,76,78,568650.0,135250.0,data\breakthroughcurves\PW-3081_r0076_c0078.png
PW-3086,76,83,569150.0,135250.0,data\breakthroughcurves\PW-3086_r0076_c0083.png
PW-3091,76,88,569650.0,135250.0,data\breakthroughcurves\PW-3091_r0076_c0088.png
PW-3096,76,93,570150.0,135250.0,data\breakthroughcurves\PW-3096_r0076_c0093.png
PW-3101,76,98,570650.0,135250.0,data\breakthroughcurves\PW-3101_r0076_c0098.png
PW-3106,76,103,571150.0,135250.0,data\breakthroughcurves\PW-3106_r0076_c0103.png
PW-3111,76,108,571650.0,135250.0,data\breakthroughcurves\PW-3111_r0076_c0108.png
PW-3116,76,113,572150.0,135250.0,data\breakthroughcurves\PW-3116_r0076_c0113.png
PW-3121,77,36,564450.0,135150.0,data\breakthroughcurves\PW-3121_r0077_c0036.png
PW-3126,77,41,564950.0,135150.0,data\breakthroughcurves\PW-3126_r0077_c0041.png
PW-3131,77,46,565450.0,135150.0,data\breakthroughcurves\PW-3131_r0077_c0046.png
PW-3136,77,51,565950.0,135150.0,data\breakthroughcurves\PW-3136_r0077_c0051.png
PW-3141,77,56,566450.0,135150.0,data\breakthroughcurves\PW-3141_r0077_c0056.png
PW-3146,77,61,566950.0,135150.0,data\breakthroughcurves\PW-3146_r0077_c0061.png
PW-3151,77,66,567450.0,135150.0,data\breakthroughcurves\PW-3151_r0077_c0066.png
PW-3156,77,71,567950.0,135150.0,data\breakthroughcurves\PW-3156_r0077_c0071.png
PW-3161,77,76,568450.0,135150.0,data\breakthroughcurves\PW-3161_r0077_c0076.png
PW-3166,77,81,568950.0,135150.0,data\breakthroughcurves\PW-3166_r0077_c0081.png
PW-3171,77,86,569450.0,135150.0,data\breakthroughcurves\PW-3171_r0077_c0086.png
PW-3176,77,91,569950.0,135150.0,data\breakthroughcurves\PW-3176_r0077_c0091.png
PW-3181,77,96,570450.0,135150.0,data\breakthroughcurves\PW-3181_r0077_c0096.png
PW-3186,77,101,570950.0,135150.0,data\breakthroughcurves\PW-3186_r0077_c0101.png
PW-3191,77,106,571450.0,135150.0,data\breakthroughcurves\PW-3191_r0077_c0106.png
PW-3196,77,111,571950.0,135150.0,data\breakthroughcurves\PW-3196_r0077_c0111.png
PW-3201,78,34,564250.0,135050.0,data\breakthroughcurves\PW-3201_r0078_c0034.png
PW-3206,78,39,564750.0,135050.0,data\breakthroughcurves\PW-3206_r0078_c0039.png
PW-3211,78,44,565250.0,135050.0,data\breakthroughcurves\PW-3211_r0078_c0044.png
PW-3216,78,49,565750.0,135050.0,data\breakthroughcurves\PW-3216_r0078_c0049.png
PW-3221,78,54,566250.0,135050.0,data\breakthroughcurves\PW-3221_r0078_c0054.png
PW-3226,78,59,566750.0,135050.0,data\breakthroughcurves\PW-3226_r0078_c0059.png
PW-3231,78,64,567250.0,135050.0,data\breakthroughcurves\PW-3231_r0078_c0064.png
PW-3236,78,69,567750.0,135050.0,data\breakthroughcurves\PW-3236_r0078_c0069.png
PW-3241,78,74,568250.0,135050.0,data\breakthroughcurves\PW-3241_r0078_c0074.png
PW-3246,78,79,568750.0,135050.0,data\breakthroughcurves\PW-3246_r0078_c0079.png
PW-3251,78,84,569250.0,135050.0,data\breakthroughcurves\PW-3251_r0078_c0084.png
PW-3256,78,89,569750.0,135050.0,data\breakthroughcurves\PW-3256_r0078_c0089.png
PW-3261,78,94,570250.0,135050.0,data\breakthroughcurves\PW-3261_r0078_c0094.png
PW-3266,78,99,570750.0,135050.0,data\breakthroughcurves\PW-3266_r0078_c0099.png
PW-3271,78,104,571250.0,135050.0,data\breakthroughcurves\PW-3271_r0078_c0104.png
PW-3276,78,109,571750.0,135050.0,data\breakthroughcurves\PW-3276_r0078_c0109.png
PW-3281,79,32,564050.0,134950.0,data\breakthroughcurves\PW-3281_r0079_c0032.png
PW-3286,79,37,564550.0,134950.0,data\breakthroughcurves\PW-3286_r0079_c0037.png
PW-3291,79,42,565050.0,134950.0,data\breakthroughcurves\PW-3291_r0079_c0042.png
PW-3296,79,47,565550.0,134950.0,data\breakthroughcurves\PW-3296_r0079_c0047.png
PW-3301,79,52,566050.0,134950.0,data\breakthroughcurves\PW-3301_r0079_c0052.png
PW-3306,79,57,566550.0,134950.0,data\breakthroughcurves\PW-3306_r0079_c0057.png
PW-3311,79,62,567050.0,134950.0,data\breakthroughcurves\PW-3311_r0079_c0062.png
PW-3316,79,67,567550.0,134950.0,data\breakthroughcurves\PW-3316_r0079_c0067.png
PW-3321,79,72,568050.0,134950.0,data\breakthroughcurves\PW-3321_r0079_c0072.png
PW-3326,79,77,568550.0,134950.0,data\breakthroughcurves\PW-3326_r0079_c0077.png
PW-3331,79,82,569050.0,134950.0,data\breakthroughcurves\PW-3331_r0079_c0082.png
PW-3336,79,87,569550.0,134950.0,data\breakthroughcurves\PW-3336_r0079_c0087.png
PW-3341,79,92,570050.0,134950.0,data\breakthroughcurves\PW-3341_r0079_c0092.png
PW-3346,79,97,570550.0,134950.0,data\breakthroughcurves\PW-3346_r0079_c0097.png
PW-3351,79,102,571050.0,134950.0,data\breakthroughcurves\PW-3351_r0079_c0102.png
PW-3356,79,107,571550.0,134950.0,data\breakthroughcurves\PW-3356_r0079_c0107.png
PW-3361,79,112,572050.0,134950.0,data\breakthroughcurves\PW-3361_r0079_c0112.png
PW-3366,80,35,564350.0,134850.0,data\breakthroughcurves\PW-3366_r0080_c0035.png
PW-3371,80,40,564850.0,134850.0,data\breakthroughcurves\PW-3371_r0080_c0040.png
PW-3376,80,45,565350.0,134850.0,data\breakthroughcurves\PW-3376_r0080_c0045.png
PW-3381,80,50,565850.0,134850.0,data\breakthroughcurves\PW-3381_r0080_c0050.png
PW-3386,80,55,566350.0,134850.0,data\breakthroughcurves\PW-3386_r0080_c0055.png
PW-3391,80,60,566850.0,134850.0,data\breakthroughcurves\PW-3391_r0080_c0060.png
PW-3396,80,65,567350.0,134850.0,data\breakthroughcurves\PW-3396_r0080_c0065.png
PW-3401,80,70,567850.0,134850.0,data\breakthroughcurves\PW-3401_r0080_c0070.png
PW-3406,80,75,568350.0,134850.0,data\breakthroughcurves\PW-3406_r0080_c0075.png
PW-3411,80,80,568850.0,134850.0,data\breakthroughcurves\PW-3411_r0080_c0080.png
PW-3416,80,85,569350.0,134850.0,data\breakthroughcurves\PW-3416_r0080_c0085.png
PW-3421,80,90,569850.0,134850.0,data\breakthroughcurves\PW-3421_r0080_c0090.png
PW-3426,80,95,570350.0,134850.0,data\breakthroughcurves\PW-3426_r0080_c0095.png
PW-3431,80,100,570850.0,134850.0,data\breakthroughcurves\PW-3431_r0080_c0100.png
PW-3436,80,105,571350.0,134850.0,data\breakthroughcurves\PW-3436_r0080_c0105.png
PW-3441,80,110,571850.0,134850.0,data\breakthroughcurves\PW-3441_r0080_c0110.png
PW-3446,81,33,564150.0,134750.0,data\breakthroughcurves\PW-3446_r0081_c0033.png
PW-3451,81,38,564650.0,134750.0,data\breakthroughcurves\PW-3451_r0081_c0038.png
PW-3456,81,43,565150.0,134750.0,data\breakthroughcurves\PW-3456_r0081_c0043.png
PW-3461,81,48,565650.0,134750.0,data\breakthroughcurves\PW-3461_r0081_c0048.png
PW-3466,81,53,566150.0,134750.0,data\breakthroughcurves\PW-3466_r0081_c0053.png
PW-3471,81,58,566650.0,134750.0,data\breakthroughcurves\PW-3471_r0081_c0058.png
PW-3476,81,63,567150.0,134750.0,data\breakthroughcurves\PW-3476_r0081_c0063.png
PW-3481,81,68,567650.0,134750.0,data\breakthroughcurves\PW-3481_r0081_c0068.png
PW-3486,81,73,568150.0,134750.0,data\breakthroughcurves\PW-3486_r0081_c0073.png
PW-3491,81,78,568650.0,134750.0,data\breakthroughcurves\PW-3491_r0081_c0078.png
PW-3496,81,83,569150.0,134750.0,data\breakthroughcurves\PW-3496_r0081_c0083.png
PW-3501,81,88,569650.0,134750.0,data\breakthroughcurves\PW-3501_r0081_c0088.png
PW-3506,81,93,570150.0,134750.0,data\breakthroughcurves\PW-3506_r0081_c0093.png
PW-3511,81,98,570650.0,134750.0,data\breakthroughcurves\PW-3511_r0081_c0098.png
PW-3516,81,103,571150.0,134750.0,data\breakthroughcurves\PW-3516_r0081_c0103.png
PW-3521,81,108,571650.0,134750.0,data\breakthroughcurves\PW-3521_r0081_c0108.png
PW-3526,81,113,572150.0,134750.0,data\breakthroughcurves\PW-3526_r0081_c0113.png
PW-3531,82,36,564450.0,134650.0,data\breakthroughcurves\PW-3531_r0082_c0036.png
PW-3536,82,41,564950.0,134650.0,data\breakthroughcurves\PW-3536_r0082_c0041.png
PW-3541,82,46,565450.0,134650.0,data\breakthroughcurves\PW-3541_r0082_c0046.png
PW-3546,82,51,565950.0,134650.0,data\breakthroughcurves\PW-3546_r0082_c0051.png
PW-3551,82,56,566450.0,134650.0,data\breakthroughcurves\PW-3551_r0082_c0056.png
PW-3556,82,61,566950.0,134650.0,data\breakthroughcurves\PW-3556_r0082_c0061.png
PW-3561,82,66,567450.0,134650.0,data\breakthroughcurves\PW-3561_r0082_c0066.png
PW-3566,82,71,567950.0,134650.0,data\breakthroughcurves\PW-3566_r0082_c0071.png
PW-3571,82,76,568450.0,134650.0,data\breakthroughcurves\PW-3571_r0082_c0076.png
PW-3576,82,81,568950.0,134650.0,data\breakthroughcurves\PW-3576_r0082_c0081.png
PW-3581,82,86,569450.0,134650.0,data\breakthroughcurves\PW-3581_r0082_c0086.png
PW-3586,82,91,569950.0,134650.0,data\breakthroughcurves\PW-3586_r0082_c0091.png
PW-3591,82,96,570450.0,134650.0,data\breakthroughcurves\PW-3591_r0082_c0096.png
PW-3596,82,101,570950.0,134650.0,data\breakthroughcurves\PW-3596_r0082_c0101.png
PW-3601,82,106,571450.0,134650.0,data\breakthroughcurves\PW-3601_r0082_c0106.png
PW-3606,82,111,571950.0,134650.0,data\breakthroughcurves\PW-3606_r0082_c0111.png
PW-3611,83,34,564250.0,134550.0,data\breakthroughcurves\PW-3611_r0083_c0034.png
PW-3616,83,39,564750.0,134550.0,data\breakthroughcurves\PW-3616_r0083_c0039.png
PW-3621,83,44,565250.0,134550.0,data\breakthroughcurves\PW-3621_r0083_c0044.png
PW-3626,83,49,565750.0,134550.0,data\breakthroughcurves\PW-3626_r0083_c0049.png
PW-3631,83,54,566250.0,134550.0,data\breakthroughcurves\PW-3631_r0083_c0054.png
PW-3636,83,59,566750.0,134550.0,data\breakthroughcurves\PW-3636_r0083_c0059.png
PW-3641,83,64,567250.0,134550.0,data\breakthroughcurves\PW-3641_r0083_c0064.png
PW-3646,83,69,567750.0,134550.0,data\breakthroughcurves\PW-3646_r0083_c0069.png
PW-3651,83,74,568250.0,134550.0,data\breakthroughcurves\PW-3651_r0083_c0074.png
PW-3656,83,79,568750.0,134550.0,data\breakthroughcurves\PW-3656_r0083_c0079.png
PW-3661,83,84,569250.0,134550.0,data\breakthroughcurves\PW-3661_r0083_c0084.png
PW-3666,83,89,569750.0,134550.0,data\breakthroughcurves\PW-3666_r0083_c0089.png
PW-3671,83,94,570250.0,134550.0,data\breakthroughcurves\PW-3671_r0083_c0094.png
PW-3676,83,99,570750.0,134550.0,data\breakthroughcurves\PW-3676_r0083_c0099.png
PW-3681,83,104,571250.0,134550.0,data\breakthroughcurves\PW-3681_r0083_c0104.png
PW-3686,83,109,571750.0,134550.0,data\breakthroughcurves\PW-3686_r0083_c0109.png
PW-3691,84,32,564050.0,134450.0,data\breakthroughcurves\PW-3691_r0084_c0032.png
PW-3696,84,37,564550.0,134450.0,data\breakthroughcurves\PW-3696_r0084_c0037.png
PW-3701,84,42,565050.0,134450.0,data\breakthroughcurves\PW-3701_r0084_c0042.png
PW-3706,84,47,565550.0,134450.0,data\breakthroughcurves\PW-3706_r0084_c0047.png
PW-3711,84,52,566050.0,134450.0,data\breakthroughcurves\PW-3711_r0084_c0052.png
PW-3716,84,57,566550.0,134450.0,data\breakthroughcurves\PW-3716_r0084_c0057.png
PW-3721,84,62,567050.0,134450.0,data\breakthroughcurves\PW-3721_r0084_c0062.png
PW-3726,84,67,567550.0,134450.0,data\breakthroughcurves\PW-3726_r0084_c0067.png
PW-3731,84,72,568050.0,134450.0,data\breakthroughcurves\PW-3731_r0084_c0072.png
PW-3736,84,77,568550.0,134450.0,data\breakthroughcurves\PW-3736_r0084_c0077.png
PW-3741,84,82,569050.0,134450.0,data\breakthroughcurves\PW-3741_r0084_c0082.png
PW-3746,84,87,569550.0,134450.0,data\breakthroughcurves\PW-3746_r0084_c0087.png
PW-3751,84,92,570050.0,134450.0,data\breakthroughcurves\PW-3751_r0084_c0092.png
PW-3756,84,97,570550.0,134450.0,data\breakthroughcurves\PW-3756_r0084_c0097.png
PW-3761,84,102,571050.0,134450.0,data\breakthroughcurves\PW-3761_r0084_c0102.png
PW-3766,84,107,571550.0,134450.0,data\breakthroughcurves\PW-3766_r0084_c0107.png
PW-3771,84,112,572050.0,134450.0,data\breakthroughcurves\PW-3771_r0084_c0112.png
PW-3776,85,35,564350.0,134350.0,data\breakthroughcurves\PW-3776_r0085_c0035.png
PW-3781,85,40,564850.0,134350.0,data\breakthroughcurves\PW-3781_r0085_c0040.png
PW-3786,85,45,565350.0,134350.0,data\breakthroughcurves\PW-3786_r0085_c0045.png
PW-3791,85,50,565850.0,134350.0,data\breakthroughcurves\PW-3791_r0085_c0050.png
PW-3796,85,55,566350.0,134350.0,data\breakthroughcurves\PW-3796_r0085_c0055.png
PW-3801,85,60,566850.0,134350.0,data\breakthroughcurves\PW-3801_r0085_c0060.png
PW-3806,85,65,567350.0,134350.0,data\breakthroughcurves\PW-3806_r0085_c0065.png
PW-3811,85,70,567850.0,134350.0,data\breakthroughcurves\PW-3811_r0085_c0070.png
PW-3816,85,75,568350.0,134350.0,data\breakthroughcurves\PW-3816_r0085_c0075.png
PW-3821,85,80,568850.0,134350.0,data\breakthroughcurves\PW-3821_r0085_c0080.png
PW-3826,85,85,569350.0,134350.0,data\breakthroughcurves\PW-3826_r0085_c0085.png
PW-3831,85,90,569850.0,134350.0,data\breakthroughcurves\PW-3831_r0085_c0090.png
PW-3836,85,95,570350.0,134350.0,data\breakthroughcurves\PW-3836_r0085_c0095.png
PW-3841,85,100,570850.0,134350.0,data\breakthroughcurves\PW-3841_r0085_c0100.png
PW-3846,85,105,571350.0,134350.0,data\breakthroughcurves\PW-3846_r0085_c0105.png
PW-3851,85,110,571850.0,134350.0,data\breakthroughcurves\PW-3851_r0085_c0110.png
PW-3856,86,33,564150.0,134250.0,data\breakthroughcurves\PW-3856_r0086_c0033.png
PW-3861,86,38,564650.0,134250.0,data\breakthroughcurves\PW-3861_r0086_c0038.png
PW-3866,86,43,565150.0,134250.0,data\breakthroughcurves\PW-3866_r0086_c0043.png
PW-3871,86,48,565650.0,134250.0,data\breakthroughcurves\PW-3871_r0086_c0048.png
PW-3876,86,53,566150.0,134250.0,data\breakthroughcurves\PW-3876_r0086_c0053.png
PW-3881,86,58,566650.0,134250.0,data\breakthroughcurves\PW-3881_r0086_c0058.png
PW-3886,86,63,567150.0,134250.0,data\breakthroughcurves\PW-3886_r0086_c0063.png
PW-3891,86,68,567650.0,134250.0,data\breakthroughcurves\PW-3891_r0086_c0068.png
PW-3896,86,73,568150.0,134250.0,data\breakthroughcurves\PW-3896_r0086_c0073.png
PW-3901,86,78,568650.0,134250.0,data\breakthroughcurves\PW-3901_r0086_c0078.png
PW-3906,86,83,569150.0,134250.0,data\breakthroughcurves\PW-3906_r0086_c0083.png
PW-3911,86,88,569650.0,134250.0,data\breakthroughcurves\PW-3911_r0086_c0088.png
PW-3916,86,93,570150.0,134250.0,data\breakthroughcurves\PW-3916_r0086_c0093.png
PW-3921,86,98,570650.0,134250.0,data\breakthroughcurves\PW-3921_r0086_c0098.png
PW-3926,86,103,571150.0,134250.0,data\breakthroughcurves\PW-3926_r0086_c0103.png
PW-3931,86,108,571650.0,134250.0,data\breakthroughcurves\PW-3931_r0086_c0108.png
PW-3936,86,113,572150.0,134250.0,data\breakthroughcurves\PW-3936_r0086_c0113.png
PW-3941,87,36,564450.0,134150.0,data\breakthroughcurves\PW-3941_r0087_c0036.png
PW-3946,87,41,564950.0,134150.0,data\breakthroughcurves\PW-3946_r0087_c0041.png
PW-3951,87,46,565450.0,134150.0,data\breakthroughcurves\PW-3951_r0087_c0046.png
PW-3956,87,51,565950.0,134150.0,data\breakthroughcurves\PW-3956_r0087_c0051.png
PW-3961,87,56,566450.0,134150.0,data\breakthroughcurves\PW-3961_r0087_c0056.png
PW-3966,87,61,566950.0,134150.0,data\breakthroughcurves\PW-3966_r0087_c0061.png
PW-3971,87,66,567450.0,134150.0,data\breakthroughcurves\PW-3971_r0087_c0066.png
PW-3976,87,71,567950.0,134150.0,data\breakthroughcurves\PW-3976_r0087_c0071.png
PW-3981,87,76,568450.0,134150.0,data\breakthroughcurves\PW-3981_r0087_c0076.png
PW-3986,87,81,568950.0,134150.0,data\breakthroughcurves\PW-3986_r0087_c0081.png
PW-3991,87,86,569450.0,134150.0,data\breakthroughcurves\PW-3991_r0087_c0086.png
PW-3996,87,91,569950.0,134150.0,data\breakthroughcurves\PW-3996_r0087_c0091.png
PW-4001,87,96,570450.0,134150.0,data\breakthroughcurves\PW-4001_r0087_c0096.png
PW-4006,87,101,570950.0,134150.0,data\breakthroughcurves\PW-4006_r0087_c0101.png
PW-4011,87,106,571450.0,134150.0,data\breakthroughcurves\PW-4011_r0087_c0106.png
PW-4016,87,111,571950.0,134150.0,data\breakthroughcurves\PW-4016_r0087_c0111.png
PW-4021,88,34,564250.0,134050.0,data\breakthroughcurves\PW-4021_r0088_c0034.png
PW-4026,88,39,564750.0,134050.0,data\breakthroughcurves\PW-4026_r0088_c0039.png
PW-4031,88,44,565250.0,134050.0,data\breakthroughcurves\PW-4031_r0088_c0044.png
PW-4036,88,49,565750.0,134050.0,data\breakthroughcurves\PW-4036_r0088_c0049.png
PW-4041,88,54,566250.0,134050.0,data\breakthroughcurves\PW-4041_r0088_c0054.png
PW-4046,88,59,566750.0,134050.0,data\breakthroughcurves\PW-4046_r0088_c0059.png
PW-4051,88,64,567250.0,134050.0,data\breakthroughcurves\PW-4051_r0088_c0064.png
PW-4056,88,69,567750.0,134050.0,data\breakthroughcurves\PW-4056_r0088_c0069.png
PW-4061,88,74,568250.0,134050.0,data\breakthroughcurves\PW-4061_r0088_c0074.png
PW-4066,88,79,568750.0,134050.0,data\breakthroughcurves\PW-4066_r0088_c0079.png
PW-4071,88,84,569250.0,134050.0,data\breakthroughcurves\PW-4071_r0088_c0084.png
PW-4076,88,89,569750.0,134050.0,data\breakthroughcurves\PW-4076_r0088_c0089.png
PW-4081,88,94,570250.0,134050.0,data\breakthroughcurves\PW-4081_r0088_c0094.png
PW-4086,88,99,570750.0,134050.0,data\breakthroughcurves\PW-4086_r0088_c0099.png
PW-4091,88,104,571250.0,134050.0,data\breakthroughcurves\PW-4091_r0088_c0104.png
PW-4096,88,109,571750.0,134050.0,data\breakthroughcurves\PW-4096_r0088_c0109.png
PW-4101,89,32,564050.0,133950.0,data\breakthroughcurves\PW-4101_r0089_c0032.png
PW-4106,89,37,564550.0,133950.0,data\breakthroughcurves\PW-4106_r0089_c0037.png
PW-4111,89,42,565050.0,133950.0,data\breakthroughcurves\PW-4111_r0089_c0042.png
PW-4116,89,47,565550.0,133950.0,data\breakthroughcurves\PW-4116_r0089_c0047.png
PW-4121,89,52,566050.0,133950.0,data\breakthroughcurves\PW-4121_r0089_c0052.png
PW-4126,89,57,566550.0,133950.0,data\breakthroughcurves\PW-4126_r0089_c0057.png
PW-4131,89,62,567050.0,133950.0,data\breakthroughcurves\PW-4131_r0089_c0062.png
PW-4136,89,67,567550.0,133950.0,data\breakthroughcurves\PW-4136_r0089_c0067.png
PW-4141,89,72,568050.0,133950.0,data\breakthroughcurves\PW-4141_r0089_c0072.png
PW-4146,89,77,568550.0,133950.0,data\breakthroughcurves\PW-4146_r0089_c0077.png
PW-4151,89,82,569050.0,133950.0,data\breakthroughcurves\PW-4151_r0089_c0082.png
PW-4156,89,87,569550.0,133950.0,data\breakthroughcurves\PW-4156_r0089_c0087.png
PW-4161,89,92,570050.0,133950.0,data\breakthroughcurves\PW-4161_r0089_c0092.png
PW-4166,89,97,570550.0,133950.0,data\breakthroughcurves\PW-4166_r0089_c0097.png
PW-4171,89,102,571050.0,133950.0,data\breakthroughcurves\PW-4171_r0089_c0102.png
PW-4176,89,107,571550.0,133950.0,data\breakthroughcurves\PW-4176_r0089_c0107.png
PW-4181,89,112,572050.0,133950.0,data\breakthroughcurves\PW-4181_r0089_c0112.png
PW-4186,90,35,564350.0,133850.0,data\breakthroughcurves\PW-4186_r0090_c0035.png
PW-4191,90,40,564850.0,133850.0,data\breakthroughcurves\PW-4191_r0090_c0040.png
PW-4196,90,45,565350.0,133850.0,data\breakthroughcurves\PW-4196_r0090_c0045.png
PW-4201,90,50,565850.0,133850.0,data\breakthroughcurves\PW-4201_r0090_c0050.png
PW-4206,90,55,566350.0,133850.0,data\breakthroughcurves\PW-4206_r0090_c0055.png
PW-4211,90,60,566850.0,133850.0,data\breakthroughcurves\PW-4211_r0090_c0060.png
PW-4216,90,65,567350.0,133850.0,data\breakthroughcurves\PW-4216_r0090_c0065.png
PW-4221,90,70,567850.0,133850.0,data\breakthroughcurves\PW-4221_r0090_c0070.png
PW-4226,90,75,568350.0,133850.0,data\breakthroughcurves\PW-4226_r0090_c0075.png
PW-4231,90,80,568850.0,133850.0,data\breakthroughcurves\PW-4231_r0090_c0080.png
PW-4236,90,85,569350.0,133850.0,data\breakthroughcurves\PW-4236_r0090_c0085.png
PW-4241,90,90,569850.0,133850.0,data\breakthroughcurves\PW-4241_r0090_c0090.png
PW-4246,90,95,570350.0,133850.0,data\breakthroughcurves\PW-4246_r0090_c0095.png
PW-4251,90,100,570850.0,133850.0,data\breakthroughcurves\PW-4251_r0090_c0100.png
PW-4256,90,105,571350.0,133850.0,data\breakthroughcurves\PW-4256_r0090_c0105.png
PW-4261,90,110,571850.0,133850.0,data\breakthroughcurves\PW-4261_r0090_c0110.png
PW-4266,91,33,564150.0,133750.0,data\breakthroughcurves\PW-4266_r0091_c0033.png
PW-4271,91,38,564650.0,133750.0,data\breakthroughcurves\PW-4271_r0091_c0038.png
PW-4276,91,43,565150.0,133750.0,data\breakthroughcurves\PW-4276_r0091_c0043.png
PW-4281,91,48,565650.0,133750.0,data\breakthroughcurves\PW-4281_r0091_c0048.png
PW-4286,91,53,566150.0,133750.0,data\breakthroughcurves\PW-4286_r0091_c0053.png
PW-4291,91,58,566650.0,133750.0,data\breakthroughcurves\PW-4291_r0091_c0058.png
PW-4296,91,63,567150.0,133750.0,data\breakthroughcurves\PW-4296_r0091_c0063.png
PW-4301,91,68,567650.0,133750.0,data\breakthroughcurves\PW-4301_r0091_c0068.png
PW-4306,91,73,568150.0,133750.0,data\breakthroughcurves\PW-4306_r0091_c0073.png
PW-4311,91,78,568650.0,133750.0,data\breakthroughcurves\PW-4311_r0091_c0078.png
PW-4316,91,83,569150.0,133750.0,data\breakthroughcurves\PW-4316_r0091_c0083.png
PW-4321,91,88,569650.0,133750.0,data\breakthroughcurves\PW-4321_r0091_c0088.png
PW-4326,91,93,570150.0,133750.0,data\breakthroughcurves\PW-4326_r0091_c0093.png
PW-4331,91,98,570650.0,133750.0,data\breakthroughcurves\PW-4331_r0091_c0098.png
PW-4336,91,103,571150.0,133750.0,data\breakthroughcurves\PW-4336_r0091_c0103.png
PW-4341,91,108,571650.0,133750.0,data\breakthroughcurves\PW-4341_r0091_c0108.png
PW-4346,91,113,572150.0,133750.0,data\breakthroughcurves\PW-4346_r0091_c0113.png
PW-4351,92,36,564450.0,133650.0,data\breakthroughcurves\PW-4351_r0092_c0036.png
PW-4356,92,41,564950.0,133650.0,data\breakthroughcurves\PW-4356_r0092_c0041.png
PW-4361,92,46,565450.0,133650.0,data\breakthroughcurves\PW-4361_r0092_c0046.png
PW-4366,92,51,565950.0,133650.0,data\breakthroughcurves\PW-4366_r0092_c0051.png
PW-4371,92,56,566450.0,133650.0,data\breakthroughcurves\PW-4371_r0092_c0056.png
PW-4376,92,61,566950.0,133650.0,data\breakthroughcurves\PW-4376_r0092_c0061.png
PW-4381,92,66,567450.0,133650.0,data\breakthroughcurves\PW-4381_r0092_c0066.png
PW-4386,92,71,567950.0,133650.0,data\breakthroughcurves\PW-4386_r0092_c0071.png
PW-4391,92,76,568450.0,133650.0,data\breakthroughcurves\PW-4391_r0092_c0076.png
PW-4396,92,81,568950.0,133650.0,data\breakthroughcurves\PW-4396_r0092_c0081.png
PW-4401,92,86,569450.0,133650.0,data\breakthroughcurves\PW-4401_r0092_c0086.png
PW-4406,92,91,569950.0,133650.0,data\breakthroughcurves\PW-4406_r0092_c0091.png
PW-4411,92,96,570450.0,133650.0,data\breakthroughcurves\PW-4411_r0092_c0096.png
PW-4416,92,101,570950.0,133650.0,data\breakthroughcurves\PW-4416_r0092_c0101.png
PW-4421,92,106,571450.0,133650.0,data\breakthroughcurves\PW-4421_r0092_c0106.png
PW-4426,92,111,571950.0,133650.0,data\breakthroughcurves\PW-4426_r0092_c0111.png
PW-4431,93,34,564250.0,133550.0,data\breakthroughcurves\PW-4431_r0093_c0034.png
PW-4436,93,39,564750.0,133550.0,data\breakthroughcurves\PW-4436_r0093_c0039.png
PW-4441,93,44,565250.0,133550.0,data\breakthroughcurves\PW-4441_r0093_c0044.png
PW-4446,93,49,565750.0,133550.0,data\breakthroughcurves\PW-4446_r0093_c0049.png
PW-4451,93,54,566250.0,133550.0,data\breakthroughcurves\PW-4451_r0093_c0054.png
PW-4456,93,59,566750.0,133550.0,data\breakthroughcurves\PW-4456_r0093_c0059.png
PW-4461,93,64,567250.0,133550.0,data\breakthroughcurves\PW-4461_r0093_c0064.png
PW-4466,93,69,567750.0,133550.0,data\breakthroughcurves\PW-4466_r0093_c0069.png
PW-4471,93,74,568250.0,133550.0,data\breakthroughcurves\PW-4471_r0093_c0074.png
PW-4476,93,79,568750.0,133550.0,data\breakthroughcurves\PW-4476_r0093_c0079.png
PW-4481,93,84,569250.0,133550.0,data\breakthroughcurves\PW-4481_r0093_c0084.png
PW-4486,93,89,569750.0,133550.0,data\breakthroughcurves\PW-4486_r0093_c0089.png
PW-4491,93,94,570250.0,133550.0,data\breakthroughcurves\PW-4491_r0093_c0094.png
PW-4496,93,99,570750.0,133550.0,data\breakthroughcurves\PW-4496_r0093_c0099.png
PW-4501,93,104,571250.0,133550.0,data\breakthroughcurves\PW-4501_r0093_c0104.png
PW-4506,93,109,571750.0,133550.0,data\breakthroughcurves\PW-4506_r0093_c0109.png
PW-4511,94,32,564050.0,133450.0,data\breakthroughcurves\PW-4511_r0094_c0032.png
PW-4516,94,37,564550.0,133450.0,data\breakthroughcurves\PW-4516_r0094_c0037.png
PW-4521,94,42,565050.0,133450.0,data\breakthroughcurves\PW-4521_r0094_c0042.png
PW-4526,94,47,565550.0,133450.0,data\breakthroughcurves\PW-4526_r0094_c0047.png
PW-4531,94,52,566050.0,133450.0,data\breakthroughcurves\PW-4531_r0094_c0052.png
PW-4536,94,57,566550.0,133450.0,data\breakthroughcurves\PW-4536_r0094_c0057.png
PW-4541,94,62,567050.0,133450.0,data\breakthroughcurves\PW-4541_r0094_c0062.png
PW-4546,94,67,567550.0,133450.0,data\breakthroughcurves\PW-4546_r0094_c0067.png
PW-4551,94,72,568050.0,133450.0,data\breakthroughcurves\PW-4551_r0094_c0072.png
PW-4556,94,77,568550.0,133450.0,data\breakthroughcurves\PW-4556_r0094_c0077.png
PW-4561,94,82,569050.0,133450.0,data\breakthroughcurves\PW-4561_r0094_c0082.png
PW-4566,94,87,569550.0,133450.0,data\breakthroughcurves\PW-4566_r0094_c0087.png
PW-4571,94,92,570050.0,133450.0,data\breakthroughcurves\PW-4571_r0094_c0092.png
PW-4576,94,97,570550.0,133450.0,data\breakthroughcurves\PW-4576_r0094_c0097.png
PW-4581,94,102,571050.0,133450.0,data\breakthroughcurves\PW-4581_r0094_c0102.png
PW-4586,94,107,571550.0,133450.0,data\breakthroughcurves\PW-4586_r0094_c0107.png
PW-4591,94,112,572050.0,133450.0,data\breakthroughcurves\PW-4591_r0094_c0112.png
PW-4596,95,35,564350.0,133350.0,data\breakthroughcurves\PW-4596_r0095_c0035.png
PW-4601,95,40,564850.0,133350.0,data\breakthroughcurves\PW-4601_r0095_c0040.png
PW-4606,95,45,565350.0,133350.0,data\breakthroughcurves\PW-4606_r0095_c0045.png
PW-4611,95,50,565850.0,133350.0,data\breakthroughcurves\PW-4611_r0095_c0050.png
PW-4616,95,55,566350.0,133350.0,data\breakthroughcurves\PW-4616_r0095_c0055.png
PW-4621,95,60,566850.0,133350.0,data\breakthroughcurves\PW-4621_r0095_c0060.png
PW-4626,95,65,567350.0,133350.0,data\breakthroughcurves\PW-4626_r0095_c0065.png
PW-4631,95,70,567850.0,133350.0,data\breakthroughcurves\PW-4631_r0095_c0070.png
PW-4636,95,75,568350.0,133350.0,data\breakthroughcurves\PW-4636_r0095_c0075.png
PW-4641,95,80,568850.0,133350.0,data\breakthroughcurves\PW-4641_r0095_c0080.png
PW-4646,95,85,569350.0,133350.0,data\breakthroughcurves\PW-4646_r0095_c0085.png
PW-4651,95,90,569850.0,133350.0,data\breakthroughcurves\PW-4651_r0095_c0090.png
PW-4656,95,95,570350.0,133350.0,data\breakthroughcurves\PW-4656_r0095_c0095.png
PW-4661,95,100,570850.0,133350.0,data\breakthroughcurves\PW-4661_r0095_c0100.png
PW-4666,95,105,571350.0,133350.0,data\breakthroughcurves\PW-4666_r0095_c0105.png
PW-4671,95,110,571850.0,133350.0,data\breakthroughcurves\PW-4671_r0095_c0110.png
PW-4676,96,33,564150.0,133250.0,data\breakthroughcurves\PW-4676_r0096_c0033.png
PW-4681,96,38,564650.0,133250.0,data\breakthroughcurves\PW-4681_r0096_c0038.png
PW-4686,96,43,565150.0,133250.0,data\breakthroughcurves\PW-4686_r0096_c0043.png
PW-4691,96,48,565650.0,133250.0,data\breakthroughcurves\PW-4691_r0096_c0048.png
PW-4696,96,53,566150.0,133250.0,data\breakthroughcurves\PW-4696_r0096_c0053.png
PW-4701,96,58,566650.0,133250.0,data\breakthroughcurves\PW-4701_r0096_c0058.png
PW-4706,96,63,567150.0,133250.0,data\breakthroughcurves\PW-4706_r0096_c0063.png
PW-4711,96,68,567650.0,133250.0,data\breakthroughcurves\PW-4711_r0096_c0068.png
PW-4716,96,73,568150.0,133250.0,data\breakthroughcurves\PW-4716_r0096_c0073.png
PW-4721,96,78,568650.0,133250.0,data\breakthroughcurves\PW-4721_r0096_c0078.png
PW-4726,96,83,569150.0,133250.0,data\breakthroughcurves\PW-4726_r0096_c0083.png
PW-4731,96,88,569650.0,133250.0,data\breakthroughcurves\PW-4731_r0096_c0088.png
PW-4736,96,93,570150.0,133250.0,data\breakthroughcurves\PW-4736_r0096_c0093.png
PW-4741,96,98,570650.0,133250.0,data\breakthroughcurves\PW-4741_r0096_c0098.png
PW-4746,96,103,571150.0,133250.0,data\breakthroughcurves\PW-4746_r0096_c0103.png
PW-4751,96,108,571650.0,133250.0,data\breakthroughcurves\PW-4751_r0096_c0108.png
PW-4756,96,113,572150.0,133250.0,data\breakthroughcurves\PW-4756_r0096_c0113.png
PW-4761,97,36,564450.0,133150.0,data\breakthroughcurves\PW-4761_r0097_c0036.png
PW-4766,97,41,564950.0,133150.0,data\breakthroughcurves\PW-4766_r0097_c0041.png
PW-4771,97,46,565450.0,133150.0,data\breakthroughcurves\PW-4771_r0097_c0046.png
PW-4776,97,51,565950.0,133150.0,data\breakthroughcurves\PW-4776_r0097_c0051.png
PW-4781,97,56,566450.0,133150.0,data\breakthroughcurves\PW-4781_r0097_c0056.png
PW-4786,97,61,566950.0,133150.0,data\breakthroughcurves\PW-4786_r0097_c0061.png
PW-4791,97,66,567450.0,133150.0,data\breakthroughcurves\PW-4791_r0097_c0066.png
PW-4796,97,71,567950.0,133150.0,data\breakthroughcurves\PW-4796_r0097_c0071.png
PW-4801,97,76,568450.0,133150.0,data\breakthroughcurves\PW-4801_r0097_c0076.png
PW-4806,97,81,568950.0,133150.0,data\breakthroughcurves\PW-4806_r0097_c0081.png
PW-4811,97,86,569450.0,133150.0,data\breakthroughcurves\PW-4811_r0097_c0086.png
PW-4816,97,91,569950.0,133150.0,data\breakthroughcurves\PW-4816_r0097_c0091.png
PW-4821,97,96,570450.0,133150.0,data\breakthroughcurves\PW-4821_r0097_c0096.png
PW-4826,97,101,570950.0,133150.0,data\breakthroughcurves\PW-4826_r0097_c0101.png
PW-4831,97,106,571450.0,133150.0,data\breakthroughcurves\PW-4831_r0097_c0106.png
PW-4836,97,111,571950.0,133150.0,data\breakthroughcurves\PW-4836_r0097_c0111.png
PW-4841,98,34,564250.0,133050.0,data\breakthroughcurves\PW-4841_r0098_c0034.png
PW-4846,98,39,564750.0,133050.0,data\breakthroughcurves\PW-4846_r0098_c0039.png
PW-4851,98,44,565250.0,133050.0,data\breakthroughcurves\PW-4851_r0098_c0044.png
PW-4856,98,49,565750.0,133050.0,data\breakthroughcurves\PW-4856_r0098_c0049.png
PW-4861,98,54,566250.0,133050.0,data\breakthroughcurves\PW-4861_r0098_c0054.png
PW-4866,98,59,566750.0,133050.0,data\breakthroughcurves\PW-4866_r0098_c0059.png
PW-4871,98,64,567250.0,133050.0,data\breakthroughcurves\PW-4871_r0098_c0064.png
PW-4876,98,69,567750.0,133050.0,data\breakthroughcurves\PW-4876_r0098_c0069.png
PW-4881,98,74,568250.0,133050.0,data\breakthroughcurves\PW-4881_r0098_c0074.png
PW-4886,98,79,568750.0,133050.0,data\breakthroughcurves\PW-4886_r0098_c0079.png
PW-4891,98,84,569250.0,133050.0,data\breakthroughcurves\PW-4891_r0098_c0084.png
PW-4896,98,89,569750.0,133050.0,data\breakthroughcurves\PW-4896_r0098_c0089.png
PW-4901,98,94,570250.0,133050.0,data\breakthroughcurves\PW-4901_r0098_c0094.png
PW-4906,98,99,570750.0,133050.0,data\breakthroughcurves\PW-4906_r0098_c0099.png
PW-4911,98,104,571250.0,133050.0,data\breakthroughcurves\PW-4911_r0098_c0104.png
PW-4916,98,109,571750.0,133050.0,data\breakthroughcurves\PW-4916_r0098_c0109.png
PW-4921,99,32,564050.0,132950.0,data\breakthroughcurves\PW-4921_r0099_c0032.png
PW-4926,99,37,564550.0,132950.0,data\breakthroughcurves\PW-4926_r0099_c0037.png
PW-4931,99,42,565050.0,132950.0,data\breakthroughcurves\PW-4931_r0099_c0042.png
PW-4936,99,47,565550.0,132950.0,data\breakthroughcurves\PW-4936_r0099_c0047.png
PW-4941,99,52,566050.0,132950.0,data\breakthroughcurves\PW-4941_r0099_c0052.png
PW-4946,99,57,566550.0,132950.0,data\breakthroughcurves\PW-4946_r0099_c0057.png
PW-4951,99,62,567050.0,132950.0,data\breakthroughcurves\PW-4951_r0099_c0062.png
PW-4956,99,67,567550.0,132950.0,data\breakthroughcurves\PW-4956_r0099_c0067.png
PW-4961,99,72,568050.0,132950.0,data\breakthroughcurves\PW-4961_r0099_c0072.png
PW-4966,99,77,568550.0,132950.0,data\breakthroughcurves\PW-4966_r0099_c0077.png
PW-4971,99,82,569050.0,132950.0,data\breakthroughcurves\PW-4971_r0099_c0082.png
PW-4976,99,87,569550.0,132950.0,data\breakthroughcurves\PW-4976_r0099_c0087.png
PW-4981,99,92,570050.0,132950.0,data\breakthroughcurves\PW-4981_r0099_c0092.png
PW-4986,99,97,570550.0,132950.0,data\breakthroughcurves\PW-4986_r0099_c0097.png
PW-4991,99,102,571050.0,132950.0,data\breakthroughcurves\PW-4991_r0099_c0102.png
PW-4996,99,107,571550.0,132950.0,data\breakthroughcurves\PW-4996_r0099_c0107.png
PW-5001,99,112,572050.0,132950.0,data\breakthroughcurves\PW-5001_r0099_c0112.png
PW-5006,100,35,564350.0,132850.0,data\breakthroughcurves\PW-5006_r0100_c0035.png
PW-5011,100,40,564850.0,132850.0,data\breakthroughcurves\PW-5011_r0100_c0040.png
PW-5016,100,45,565350.0,132850.0,data\breakthroughcurves\PW-5016_r0100_c0045.png
PW-5021,100,50,565850.0,132850.0,data\breakthroughcurves\PW-5021_r0100_c0050.png
PW-5026,100,55,566350.0,132850.0,data\breakthroughcurves\PW-5026_r0100_c0055.png
PW-5031,100,60,566850.0,132850.0,data\breakthroughcurves\PW-5031_r0100_c0060.png
PW-5036,100,65,567350.0,132850.0,data\breakthroughcurves\PW-5036_r0100_c0065.png
PW-5041,100,70,567850.0,132850.0,data\breakthroughcurves\PW-5041_r0100_c0070.png
PW-5046,100,75,568350.0,132850.0,data\breakthroughcurves\PW-5046_r0100_c0075.png
PW-5051,100,80,568850.0,132850.0,data\breakthroughcurves\PW-5051_r0100_c0080.png
PW-5056,100,85,569350.0,132850.0,data\breakthroughcurves\PW-5056_r0100_c0085.png
PW-5061,100,90,569850.0,132850.0,data\breakthroughcurves\PW-5061_r0100_c0090.png
PW-5066,100,95,570350.0,132850.0,data\breakthroughcurves\PW-5066_r0100_c0095.png
PW-5071,100,100,570850.0,132850.0,data\breakthroughcurves\PW-5071_r0100_c0100.png
PW-5076,100,105,571350.0,132850.0,data\breakthroughcurves\PW-5076_r0100_c0105.png
PW-5081,100,110,571850.0,132850.0,data\breakthroughcurves\PW-5081_r0100_c0110.png
PW-5086,101,33,564150.0,132750.0,data\breakthroughcurves\PW-5086_r0101_c0033.png
PW-5091,101,38,564650.0,132750.0,data\breakthroughcurves\PW-5091_r0101_c0038.png
PW-5096,101,43,565150.0,132750.0,data\breakthroughcurves\PW-5096_r0101_c0043.png
PW-5101,101,48,565650.0,132750.0,data\breakthroughcurves\PW-5101_r0101_c0048.png
PW-5106,101,53,566150.0,132750.0,data\breakthroughcurves\PW-5106_r0101_c0053.png
PW-5111,101,58,566650.0,132750.0,data\breakthroughcurves\PW-5111_r0101_c0058.png
PW-5116,101,63,567150.0,132750.0,data\breakthroughcurves\PW-5116_r0101_c0063.png
PW-5121,101,68,567650.0,132750.0,data\breakthroughcurves\PW-5121_r0101_c0068.png
PW-5126,101,73,568150.0,132750.0,data\breakthroughcurves\PW-5126_r0101_c0073.png
PW-5131,101,78,568650.0,132750.0,data\breakthroughcurves\PW-5131_r0101_c0078.png
PW-5136,101,83,569150.0,132750.0,data\breakthroughcurves\PW-5136_r0101_c0083.png
PW-5141,101,88,569650.0,132750.0,data\breakthroughcurves\PW-5141_r0101_c0088.png
PW-5146,101,93,570150.0,132750.0,data\breakthroughcurves\PW-5146_r0101_c0093.png
PW-5151,101,98,570650.0,132750.0,data\breakthroughcurves\PW-5151_r0101_c0098.png
PW-5156,101,103,571150.0,132750.0,data\breakthroughcurves\PW-5156_r0101_c0103.png
PW-5161,101,108,571650.0,132750.0,data\breakthroughcurves\PW-5161_r0101_c0108.png
PW-5166,101,113,572150.0,132750.0,data\breakthroughcurves\PW-5166_r0101_c0113.png
PW-5171,102,36,564450.0,132650.0,data\breakthroughcurves\PW-5171_r0102_c0036.png
PW-5176,102,41,564950.0,132650.0,data\breakthroughcurves\PW-5176_r0102_c0041.png
PW-5181,102,46,565450.0,132650.0,data\breakthroughcurves\PW-5181_r0102_c0046.png
PW-5186,102,51,565950.0,132650.0,data\breakthroughcurves\PW-5186_r0102_c0051.png
PW-5191,102,56,566450.0,132650.0,data\breakthroughcurves\PW-5191_r0102_c0056.png
PW-5196,102,61,566950.0,132650.0,data\breakthroughcurves\PW-5196_r0102_c0061.png
PW-5201,102,66,567450.0,132650.0,data\breakthroughcurves\PW-5201_r0102_c0066.png
PW-5206,102,71,567950.0,132650.0,data\breakthroughcurves\PW-5206_r0102_c0071.png
PW-5211,102,76,568450.0,132650.0,data\breakthroughcurves\PW-5211_r0102_c0076.png
PW-5216,102,81,568950.0,132650.0,data\breakthroughcurves\PW-5216_r0102_c0081.png
PW-5221,102,86,569450.0,132650.0,data\breakthroughcurves\PW-5221_r0102_c0086.png
PW-5226,102,91,569950.0,132650.0,data\breakthroughcurves\PW-5226_r0102_c0091.png
PW-5231,102,96,570450.0,132650.0,data\breakthroughcurves\PW-5231_r0102_c0096.png
PW-5236,102,101,570950.0,132650.0,data\breakthroughcurves\PW-5236_r0102_c0101.png
PW-5241,102,106,571450.0,132650.0,data\breakthroughcurves\PW-5241_r0102_c0106.png
PW-5246,102,111,571950.0,132650.0,data\breakthroughcurves\PW-5246_r0102_c0111.png
PW-5251,103,34,564250.0,132550.0,data\breakthroughcurves\PW-5251_r0103_c0034.png
PW-5256,103,39,564750.0,132550.0,data\breakthroughcurves\PW-5256_r0103_c0039.png
PW-5261,103,44,565250.0,132550.0,data\breakthroughcurves\PW-5261_r0103_c0044.png
PW-5266,103,49,565750.0,132550.0,data\breakthroughcurves\PW-5266_r0103_c0049.png
PW-5271,103,54,566250.0,132550.0,data\breakthroughcurves\PW-5271_r0103_c0054.png
PW-5276,103,59,566750.0,132550.0,data\breakthroughcurves\PW-5276_r0103_c0059.png
PW-5281,103,64,567250.0,132550.0,data\breakthroughcurves\PW-5281_r0103_c0064.png
PW-5286,103,69,567750.0,132550.0,data\breakthroughcurves\PW-5286_r0103_c0069.png
PW-5291,103,74,568250.0,132550.0,data\breakthroughcurves\PW-5291_r0103_c0074.png
PW-5296,103,79,568750.0,132550.0,data\breakthroughcurves\PW-5296_r0103_c0079.png
PW-5301,103,84,569250.0,132550.0,data\breakthroughcurves\PW-5301_r0103_c0084.png
PW-5306,103,89,569750.0,132550.0,data\breakthroughcurves\PW-5306_r0103_c0089.png
PW-5311,103,94,570250.0,132550.0,data\breakthroughcurves\PW-5311_r0103_c0094.png
PW-5316,103,99,570750.0,132550.0,data\breakthroughcurves\PW-5316_r0103_c0099.png
PW-5321,103,104,571250.0,132550.0,data\breakthroughcurves\PW-5321_r0103_c0104.png
PW-5326,103,109,571750.0,132550.0,data\breakthroughcurves\PW-5326_r0103_c0109.png
