NAME_norm,Tc99_avg_conc,XCOORDS,YCOORDS,NAME,Final_Assignment
299-W10-14,9.17,566017.194,136608.895,299-W10-14,LU/CR
299-W10-20,71.1,566249.695,136866.607,299-W10-20,UU/MU
299-W10-201,143.0,566017.2,136957.24,299-W10-201,UU/MU
299-W10-201,143.0,566017.2,136957.24,299-W10-201,UU/MU
299-W10-201,143.0,566017.2,136957.24,299-W10-201,UU/MU
299-W10-202,72.9,566015.96,136906.28,299-W10-202,UU/MU
299-W10-202,72.9,566015.96,136906.28,299-W10-202,UU/MU
299-W10-202,72.9,566015.96,136906.28,299-W10-202,UU/MU
299-W10-203,50.0,566018.8,136710.81,299-W10-203,UU/MU
299-W10-203,50.0,566018.8,136710.81,299-W10-203,UU/MU
299-W10-203,50.0,566018.8,136710.81,299-W10-203,UU/MU
299-W10-204,50.0,566256.17,136901.49,299-W10-204,UU/MU
299-W10-204,50.0,566256.17,136901.49,299-W10-204,UU/MU
299-W10-204,50.0,566256.17,136901.49,299-W10-204,UU/MU
299-W10-205,50.0,566785.69,137184.87,299-W10-205,UU/MU
299-W10-205,50.0,566785.69,137184.87,299-W10-205,UU/MU
299-W10-205,50.0,566785.69,137184.87,299-W10-205,UU/MU
299-W10-23,50.0,566823.729,136815.339,299-W10-23,UU/MU
299-W10-24,50.0,566885.426,136798.78,299-W10-24,UU/MU
299-W10-26,12748.79,566843.396,136400.594,299-W10-26,UU/MU
299-W10-27,339.25,566843.969,136441.778,299-W10-27,UU/MU
299-W10-28,17.9,566701.55,136709.93,299-W10-28,UU/MU
299-W10-29,10.0,566082.98,136828.74,299-W10-29,UU/MU
299-W10-30,36.7,566082.78,136739.33,299-W10-30,UU/MU
299-W10-31,63.05,566266.44,136968.34,299-W10-31,UU/MU
299-W10-33,10.0,566772.75,136610.19,299-W10-33,UU/MU
299-W11-33Q,95.4,567184.869,136844.366,299-W11-33Q,UU/MU
299-W11-39,607.0,566908.383,136779.917,299-W11-39,UU/MU
299-W11-40,10200.0,566926.838,136709.666,299-W11-40,UU/MU
299-W11-41,876.0,566935.51,136677.781,299-W11-41,UU/MU
299-W11-42,9150.0,566920.435,136745.665,299-W11-42,UU/MU
299-W11-43,61.3,567269.74,136971.04,299-W11-43,LU/CR
299-W11-45,50.0,566992.84,136775.64,299-W11-45,UU/MU
299-W11-46,50.0,566914.86,136773.27,299-W11-46,UU/MU
299-W11-47,10400.0,566933.82,136680.7,299-W11-47,UU/MU
299-W11-48,16.5,566881.97,136846.18,299-W11-48,LU/CR
299-W11-88,264.0,567874.67,137113.09,299-W11-88,LU/CR
299-W11-98,111.0,567596.33,136479.36,299-W11-98,LU/CR
299-W11-98,111.0,567596.33,136479.36,299-W11-98,LU/CR
299-W13-2P,50.0,568832.59,135819.18,299-W13-2P,UU/MU
299-W13-2Q,9.59,568832.59,135819.18,299-W13-2Q,UU/MU
299-W14-11,6180.0,566901.69,136287.62,299-W14-11,UU/MU
299-W14-15,10500.0,566899.685,136230.654,299-W14-15,UU/MU
299-W14-16,361.0,567001.334,136318.482,299-W14-16,UU/MU
299-W14-17,113.0,567006.773,136218.349,299-W14-17,UU/MU
299-W14-18,6029.17,566897.47,136344.15,299-W14-18,UU/MU
299-W14-19,84.2,566898.6,136135.06,299-W14-19,UU/MU
299-W14-24,50.0,567161.35,135839.99,299-W14-24,UU/MU
299-W14-24,50.0,567161.35,135839.99,299-W14-24,LU/CR
299-W15-11,84.3,566412.296,136000.716,299-W15-11,UU/MU
299-W15-15,98.0,566088.805,135751.493,299-W15-15,UU/MU
299-W15-152,91.7,566309.4,135550.0,299-W15-152,UU/MU
299-W15-17,60.35,566306.891,135718.958,299-W15-17,LU/CR
299-W15-224,91.1,566307.89,135926.08,299-W15-224,UU/MU
299-W15-232,102.0,566090.046,135729.045,299-W15-232,UU/MU
299-W15-232,102.0,566090.046,135729.045,299-W15-232,UU/MU
299-W15-232,102.0,566090.046,135729.045,299-W15-232,UU/MU
299-W15-30,84.55,566304.617,135748.936,299-W15-30,UU/MU
299-W15-33,104.0,566433.21,135966.08,299-W15-33,UU/MU
299-W15-37,77.2,566716.468,135248.316,299-W15-37,UU/MU
299-W15-40,60.6,566652.502,136204.971,299-W15-40,UU/MU
299-W15-44,71.1,566685.02,136066.47,299-W15-44,UU/MU
299-W15-46,93.8,566752.23,135586.67,299-W15-46,UU/MU
299-W15-763,86.9,566809.207,136028.763,299-W15-763,UU/MU
299-W15-765,171.0,566697.02,136373.06,299-W15-765,UU/MU
299-W15-83,90.2,566304.52,135826.24,299-W15-83,UU/MU
299-W15-94,91.95,566307.58,135640.34,299-W15-94,UU/MU
299-W17-1,50.0,565310.68,135038.74,299-W17-1,UU/MU
299-W18-1,84.5,566421.515,135465.21,299-W18-1,UU/MU
299-W18-16,107.0,566605.05,135425.69,299-W18-16,UU/MU
299-W18-21,94.0,566097.7,134978.692,299-W18-21,UU/MU
299-W18-22,67.85,566088.632,134990.157,299-W18-22,LU/CR
299-W18-260,2235.0,566862.54,135196.89,299-W18-260,UU/MU
299-W18-40,83.8,566723.29,134996.41,299-W18-40,UU/MU
299-W18-45,73.7,566213.05,134976.94,299-W18-45,UU/MU
299-W18-45,73.7,566213.05,134976.94,299-W18-45,UU/MU
299-W18-45,73.7,566213.05,134976.94,299-W18-45,UU/MU
299-W18-45,73.7,566213.05,134976.94,299-W18-45,UU/MU
299-W18-46,113.0,566333.51,135008.82,299-W18-46,UU/MU
299-W18-46,113.0,566333.51,135008.82,299-W18-46,UU/MU
299-W18-46,113.0,566333.51,135008.82,299-W18-46,UU/MU
299-W18-47,85.2,566103.44,134978.72,299-W18-47,UU/MU
299-W18-47,85.2,566103.44,134978.72,299-W18-47,UU/MU
299-W18-47,85.2,566103.44,134978.72,299-W18-47,UU/MU
299-W19-101,41.9,567939.14,135014.07,299-W19-101,UU/MU
299-W19-105,267.0,567565.15,134745.44,299-W19-105,UU/MU
299-W19-107,219.0,567997.87,135205.66,299-W19-107,UU/MU
299-W19-115,105.75,567371.99,135011.96,299-W19-115,UU/MU
299-W19-116,150.0,568510.19,135090.16,299-W19-116,UU/MU
299-W19-126,196.5,567397.26,135101.2,299-W19-126,UU/MU
299-W19-127,519.67,567036.73,135110.71,299-W19-127,UU/MU
299-W19-127,519.67,567036.73,135110.71,299-W19-127,UU/MU
299-W19-128,2027.5,567002.55,135254.98,299-W19-128,UU/MU
299-W19-128,2027.5,567002.55,135254.98,299-W19-128,UU/MU
299-W19-131,62.5,568060.13,135008.14,299-W19-131,UU/MU
299-W19-132,1628.75,567646.1,134691.91,299-W19-132,UU/MU
299-W19-132,1628.75,567646.1,134691.91,299-W19-132,UU/MU
299-W19-132,1628.75,567646.1,134691.91,299-W19-132,UU/MU
299-W19-132,1628.75,567646.1,134691.91,299-W19-132,UU/MU
299-W19-135,110.93,567601.98,135006.96,299-W19-135,UU/MU
299-W19-135,110.93,567601.98,135006.96,299-W19-135,UU/MU
299-W19-135,110.93,567601.98,135006.96,299-W19-135,UU/MU
299-W19-136,524.0,567703.414,134998.765,299-W19-136,UU/MU
299-W19-136,524.0,567703.414,134998.765,299-W19-136,UU/MU
299-W19-136,524.0,567703.414,134998.765,299-W19-136,UU/MU
299-W19-34A,94.0,567673.637,135012.246,299-W19-34A,UU/MU
299-W19-34B,50.0,567662.876,135010.654,299-W19-34B,UU/MU
299-W19-36,6345.0,567634.738,135017.052,299-W19-36,UU/MU
299-W19-41,359.0,566896.532,135004.51,299-W19-41,UU/MU
299-W19-42,2770.0,566896.812,135122.901,299-W19-42,UU/MU
299-W19-43,1097.0,567699.15,135004.02,299-W19-43,UU/MU
299-W19-44,1102.0,566896.95,135041.97,299-W19-44,UU/MU
299-W19-45,4932.5,566897.65,135087.65,299-W19-45,UU/MU
299-W19-46,424.0,567782.67,134842.46,299-W19-46,UU/MU
299-W19-47,3145.0,566895.31,135161.86,299-W19-47,UU/MU
299-W19-48,520.0,567822.93,134925.99,299-W19-48,UU/MU
299-W19-49,50.0,567568.04,134894.38,299-W19-49,UU/MU
299-W19-6,50.0,567133.33,134693.76,299-W19-6,UU/MU
299-W20-1,691.5,568219.97,135054.03,299-W20-1,UU/MU
299-W21-2,215.0,568124.39,134573.79,299-W21-2,UU/MU
299-W22-113,1985.0,566904.52,134192.75,299-W22-113,UU/MU
299-W22-114,109.0,567726.31,134048.07,299-W22-114,UU/MU
299-W22-115,441.75,566939.39,134292.43,299-W22-115,UU/MU
299-W22-116,13650.0,566900.5,134139.92,299-W22-116,UU/MU
299-W22-123,50.0,567593.02,133914.0,299-W22-123,UU/MU
299-W22-123,50.0,567593.02,133914.0,299-W22-123,UU/MU
299-W22-125,869.0,567028.506,134253.724,299-W22-125,UU/MU
299-W22-125,869.0,567028.506,134253.724,299-W22-125,UU/MU
299-W22-125,869.0,567028.506,134253.724,299-W22-125,UU/MU
299-W22-47,24.7,566908.74,134076.28,299-W22-47,UU/MU
299-W22-69,663.0,567179.6,134347.83,299-W22-69,UU/MU
299-W22-72,3390.0,567237.37,134207.08,299-W22-72,UU/MU
299-W22-79,789.0,567629.54,134464.846,299-W22-79,UU/MU
299-W22-80,38.95,566842.851,134125.649,299-W22-80,UU/MU
299-W22-81,119.0,567000.263,134354.189,299-W22-81,UU/MU
299-W22-82,61.8,567004.731,134167.07,299-W22-82,UU/MU
299-W22-83,158.5,567009.082,134092.546,299-W22-83,UU/MU
299-W22-84,102.0,566978.76,134547.62,299-W22-84,UU/MU
299-W22-84,102.0,566978.76,134547.62,299-W22-84,UU/MU
299-W22-85,397.0,566902.9,134260.58,299-W22-85,UU/MU
299-W22-86,179.0,567186.74,134041.31,299-W22-86,UU/MU
299-W22-87,222.0,567541.75,134539.88,299-W22-87,UU/MU
299-W22-88,276.0,568046.48,134390.53,299-W22-88,UU/MU
299-W22-89,50.0,566906.77,134031.67,299-W22-89,UU/MU
299-W22-93,2345.0,566949.07,134485.98,299-W22-93,UU/MU
299-W22-93,2345.0,566949.07,134485.98,299-W22-93,UU/MU
299-W22-94,66.5,567009.82,134429.75,299-W22-94,UU/MU
299-W22-95,447.0,567170.54,134549.11,299-W22-95,UU/MU
299-W22-96,3850.0,567351.93,134145.58,299-W22-96,UU/MU
299-W23-19,30200.0,566759.115,134166.653,299-W23-19,UU/MU
299-W23-20,49.0,566717.669,134446.189,299-W23-20,UU/MU
299-W23-21,66.4,566707.737,134293.994,299-W23-21,UU/MU
299-W23-236,47.5,566798.66,134128.15,299-W23-236,UU/MU
299-W23-4,207.0,566628.216,134391.881,299-W23-4,UU/MU
299-W26-13,50.0,566424.387,133293.598,299-W26-13,UU/MU
299-W26-14,5.53,566682.69,133539.21,299-W26-14,UU/MU
299-W26-15,50.0,566575.83,133391.21,299-W26-15,UU/MU
299-W26-15,50.0,566575.83,133391.21,299-W26-15,UU/MU
299-W26-15,50.0,566575.83,133391.21,299-W26-15,UU/MU
299-W5-2Q,284.0,568175.4,137621.12,299-W5-2Q,LU/CR
299-W6-17,95.5,567767.41,137473.37,299-W6-17,LU/CR
299-W6-3,60.4,567118.18,137299.13,299-W6-3,LU/CR
299-W6-6,95.8,567318.74,137638.72,299-W6-6,LU/CR
299-W7-15,50.0,566772.11,137635.28,299-W7-15,UU/MU
299-W7-15,50.0,566772.11,137635.28,299-W7-15,UU/MU
299-W7-16,37.5,566085.14,137265.57,299-W7-16,UU/MU
299-W7-16,37.5,566085.14,137265.57,299-W7-16,UU/MU
299-W7-3,70.9,566292.031,137638.641,299-W7-3,LU/CR
299-W7-4,51.7,566408.771,137308.243,299-W7-4,UU/MU
299-W9-2,50.0,565742.21,136872.84,299-W9-2,UU/MU
699-19-88,50.0,563131.105,129413.881,699-19-88,UU/MU
699-32-62,49.2,571009.564,133215.925,699-32-62,UU/MU
699-32-70B,203.0,568461.999,133242.245,699-32-70B,UU/MU
699-32-76,5.75,566683.94,133137.73,699-32-76,UU/MU
699-33-74,41.6,567472.65,133552.16,699-33-74,UU/MU
699-33-75,2.8,566907.78,133662.48,699-33-75,UU/MU
699-33-76,50.0,566621.21,133600.43,699-33-76,UU/MU
699-34-72,363.0,567859.97,133785.33,699-34-72,UU/MU
699-35-66A,130.0,569857.861,134099.244,699-35-66A,UU/MU
699-35-70C,21.62,568458.619,134298.706,699-35-70C,UU/MU
699-36-61A,100.0,571395.472,134557.106,699-36-61A,UU/MU
699-36-65,55.1,570034.24,134468.75,699-36-65,UU/MU
699-36-66B,55.45,569731.34,134469.01,699-36-66B,UU/MU
699-36-70A,71.6,568466.679,134308.839,699-36-70A,UU/MU
699-36-70B,123.0,568427.79,134625.98,699-36-70B,UU/MU
699-37-66,48.65,569730.32,134797.15,699-37-66,UU/MU
699-37-67,82.85,569520.26,134957.52,699-37-67,UU/MU
699-38-61,100.05,571219.097,134997.282,699-38-61,UU/MU
699-38-65,123.0,570090.185,135039.847,699-38-65,UU/MU
699-38-70B,201.0,568469.1,135331.04,699-38-70B,UU/MU
699-38-70C,896.0,569084.11,135325.58,699-38-70C,LU/CR
699-39-68,186.0,569077.9,135332.77,699-39-68,UU/MU
699-40-65,598.0,570057.48,135881.16,699-40-65,UU/MU
699-43-69,69.2,568967.03,136488.48,699-43-69,UU/MU
699-44-64,45.3,570390.65,136897.43,699-44-64,UU/MU
699-44-70B,50.0,568670.06,136810.37,699-44-70B,LU/CR
699-45-67C,36.9,569431.19,137131.75,699-45-67C,LU/CR
699-45-67C,36.9,569431.19,137131.75,699-45-67C,LU/CR
699-45-69C,94.1,568947.12,137233.81,699-45-69C,LU/CR
699-46-61,50.0,571431.17,137442.38,699-46-61,UU/MU
699-46-61,50.0,571431.17,137442.38,699-46-61,UU/MU
699-46-70,132.0,568697.17,137656.02,699-46-70,LU/CR
699-46-70,132.0,568697.17,137656.02,699-46-70,LU/CR
699-47-60,50.0,571474.38,137968.732,699-47-60,UU/MU
699-47-60,50.0,571474.38,137968.732,699-47-60,UU/MU
699-48-71,78.5,568387.914,138056.941,699-48-71,UU/MU
699-48-96,50.0,560516.991,138355.269,699-48-96,UU/MU
699-49-100C,50.0,559303.736,138503.233,699-49-100C,UU/MU
699-49-79,50.0,565771.123,138271.108,699-49-79,UU/MU
699-51-75,50.0,566978.076,138906.286,699-51-75,UU/MU
699-55-76,50.0,566723.421,140225.816,699-55-76,UU/MU
